id,Price_doc
26,6400812.09
30,5330237.53
35,2330848.67
39,4231559.31
48,3305461.11
72,7455365.29
98,4844466.22
102,5557213.51
105,3954474.48
110,9319042.54
121,6651271.58
123,4555987.10
125,8696745.94
127,6599138.37
131,4422458.26
146,6496230.38
148,11785658.79
151,4095887.29
173,4494056.23
175,5416189.78
190,4730118.35
207,9140671.56
220,7806182.36
222,4329622.88
223,9473800.74
225,5161936.46
228,3427540.77
233,5430926.41
239,5243309.76
240,4150599.74
247,4709641.99
253,6734806.14
257,5767315.94
258,5638164.24
270,4017907.27
273,4974634.44
277,4700709.71
285,6065139.25
297,5808859.12
300,4398632.03
317,7355511.57
337,5982719.52
338,5984748.19
343,5631147.18
348,5581777.94
350,5711752.06
359,6911246.70
360,5437174.29
364,3918780.25
365,9717311.74
366,9216555.73
370,4288760.13
380,5065967.62
387,5727578.96
401,5052181.92
402,4647445.72
403,4196701.61
411,3863613.04
416,4019733.58
418,4682046.24
425,9653105.84
444,4785003.69
450,5439147.06
452,5435606.19
455,11653321.47
467,9548584.96
468,3287213.00
479,4825534.58
481,11026329.70
486,4195062.02
496,7475241.31
500,5622442.72
502,5069264.75
505,4644391.91
509,6315279.76
512,4586344.91
519,4033973.34
530,4425219.83
531,3963669.21
549,5065476.75
558,6990317.25
564,5832061.99
569,3788172.23
576,4462620.80
586,2369093.67
590,4931205.42
592,3830788.56
596,6327355.96
605,5883921.43
606,9258213.24
608,7367964.69
619,4436837.64
621,3810417.46
622,7510056.05
624,7219939.36
627,11086382.43
634,6078690.55
642,9340977.95
643,8396033.57
646,8143134.79
648,5574820.07
653,4985107.57
658,9179999.96
660,4017261.50
666,10982419.77
671,6293270.84
675,5435321.47
677,6200733.69
689,5236655.46
692,4791609.67
699,9314917.41
707,5883581.41
711,7902693.74
718,8227787.80
719,9678440.65
727,11445934.57
743,4031557.71
749,4610372.80
751,4096971.20
755,7656208.47
764,4452219.81
776,7045243.43
783,7903004.47
806,5992992.43
809,10482805.93
815,6862872.90
823,5330588.66
825,6883666.82
831,12109366.73
836,3883846.46
841,10728196.80
843,5785130.95
850,4766218.18
852,4572791.54
861,7056505.01
879,4841443.05
887,5946253.52
906,6287472.19
912,4337255.72
916,5272396.30
919,7988758.57
920,7105025.09
923,5528627.67
925,4055337.77
927,9750652.30
944,4893270.07
952,9072994.48
954,4775854.93
959,4692856.13
964,5778235.53
967,5814212.95
976,5210204.80
982,4195763.95
1002,4525297.66
1019,6059720.73
1022,4585396.66
1023,5541528.01
1028,4508094.15
1034,2418014.00
1036,4408876.12
1039,9214665.73
1041,5361401.99
1042,10065031.88
1048,11154621.90
1052,5688055.98
1064,4080493.27
1067,6497655.47
1071,4486320.29
1075,5498253.66
1076,10867593.42
1077,4893952.42
1079,8358064.94
1082,5636811.10
1088,5269387.08
1090,4476647.28
1092,7699289.12
1094,4690308.90
1097,6645989.00
1129,5108928.78
1134,7524011.69
1136,5350344.97
1147,8319379.88
1155,5376343.54
1158,10645807.45
1175,11423490.84
1183,8148507.98
1190,8301502.91
1195,7825992.87
1197,9449449.82
1198,6593942.06
1202,7560720.46
1208,10150525.78
1218,4618459.11
1231,6104120.28
1232,6813244.22
1233,4739979.06
1234,5469604.94
1241,7521507.85
1243,8477911.29
1250,4847955.15
1259,2982814.65
1277,5883586.01
1280,4585279.52
1282,6760184.71
1285,9650016.71
1288,5788102.24
1289,4230303.32
1294,10364736.74
1297,4765853.25
1299,7028768.34
1302,4745403.65
1306,4040771.98
1307,8396743.83
1313,4564791.87
1316,6231277.63
1318,5678476.63
1324,6294979.60
1325,9493405.66
1327,5411090.88
1332,5900139.21
1356,2572733.29
1362,6716594.08
1381,7793995.02
1382,9721517.21
1394,5023968.00
1396,4151595.96
1401,4178327.33
1413,5683635.55
1415,6165403.20
1427,5299468.01
1428,7157414.13
1439,4701001.03
1453,5870595.96
1460,6707553.03
1464,6120854.53
1469,4787004.27
1478,5767323.28
1482,6397978.85
1486,9545386.96
1488,5385932.91
1495,11018674.30
1499,7732354.35
1506,4398393.68
1510,5780634.48
1512,10103922.27
1527,11533149.96
1546,6117631.09
1547,5964211.58
1550,6178854.01
1551,5105894.86
1553,5405158.54
1554,4641948.47
1560,5855541.73
1565,7228896.47
1583,4724064.85
1586,11645121.20
1589,5424601.22
1592,6708216.81
1602,11339914.62
1605,7911980.74
1606,5537079.11
1607,6346213.67
1613,10462413.72
1619,4951027.60
1627,4078159.91
1628,4490844.18
1634,9990388.01
1637,5726125.85
1649,2697321.09
1652,9208662.24
1653,5671279.45
1656,5521853.96
1659,2927266.45
1665,5589060.59
1681,9566416.99
1685,6995996.83
1688,6822563.20
1690,5203980.68
1694,5731392.81
1704,5110056.97
1705,7048797.57
1706,6219131.49
1729,5831526.16
1735,7863648.73
1736,8376648.12
1738,4263289.03
1755,5262949.48
1756,6080814.00
1757,4404205.00
1758,9313728.35
1760,5588450.80
1767,9894568.09
1770,7329103.08
1778,4011261.98
1796,4533447.01
1797,2994115.43
1805,6197161.70
1806,5535359.12
1821,5319847.38
1825,2843875.65
1836,6261964.02
1839,4911593.47
1841,3803915.10
1848,10296531.65
1853,12762883.74
1859,5164106.80
1874,6100697.27
1875,4170860.38
1892,5445394.72
1913,8689815.54
1914,5801654.28
1916,10609867.32
1920,5878527.49
1921,7343715.49
1929,3406309.22
1934,9857891.25
1943,4785966.08
1944,3577311.09
1947,5308672.14
1960,7630394.38
1972,5354631.01
1977,5831901.48
1988,11257405.98
1992,7693604.84
1997,9260036.32
2007,7148893.64
2013,5487189.30
2019,4688431.35
2027,6977103.29
2034,4444426.80
2045,2798687.19
2050,8979369.97
2054,6375632.81
2055,4807123.49
2062,6479061.76
2067,5696224.09
2071,5157667.68
2073,3754113.95
2078,1882901.04
2079,4844711.63
2083,4771781.02
2090,7321635.12
2092,4956176.27
2093,8234466.04
2096,6866713.76
2097,10065616.61
2103,5800540.77
2104,3722954.29
2123,4085270.76
2124,10953292.61
2129,7034706.22
2140,5237426.03
2141,2809401.87
2142,6169538.49
2157,5227212.32
2168,2853883.95
2174,10718077.07
2177,4564278.65
2179,3816024.56
2183,6303462.29
2198,5956549.07
2206,6477844.93
2211,4758261.44
2213,4015219.72
2234,7928225.12
2236,8469118.49
2237,6257021.27
2241,5014555.43
2244,6896077.45
2251,4303216.04
2255,6578058.62
2259,7696046.41
2261,7454075.40
2265,7331722.51
2268,11412858.61
2285,5369955.15
2286,4805292.83
2291,5223981.55
2292,5472929.02
2293,5608878.52
2308,11123619.71
2315,6552908.24
2320,5274127.35
2323,6270565.07
2326,5218206.14
2328,7184467.24
2329,5678031.94
2337,5364235.01
2342,5630059.68
2346,6256689.12
2351,8288079.33
2352,5732397.56
2353,5583754.02
2356,11398142.04
2362,3986413.14
2367,5889184.25
2386,4358034.67
2401,5094604.51
2403,7169182.85
2404,5650172.46
2405,6932170.28
2406,6358986.39
2407,3748916.33
2411,7281676.41
2424,5351292.00
2430,4646229.25
2433,5309074.03
2436,4548144.62
2446,4707578.37
2448,7312992.73
2455,2884420.03
2460,8367984.36
2470,4685971.67
2473,9419692.55
2477,4870816.67
2487,7434008.58
2500,6006391.89
2506,6291812.05
2514,11493839.94
2523,11403313.31
2528,3794710.51
2532,5145096.59
2535,3970349.75
2540,6421757.38
2551,5604554.35
2561,5275770.89
2587,11645292.74
2596,4522800.68
2600,6268580.51
2608,6724029.11
2609,6901911.26
2620,10788625.55
2621,4649687.23
2623,4234438.96
2632,5141172.24
2636,7427504.23
2637,6475113.60
2653,6269508.04
2656,5148139.16
2666,5486952.49
2668,5503503.96
2674,4480590.08
2675,4418477.67
2678,4537433.09
2680,2992158.65
2681,6108383.24
2683,8198488.65
2684,3955956.75
2687,7458268.90
2691,9234046.15
2701,7495725.05
2704,2588331.72
2717,5670922.94
2724,5702366.46
2727,5532195.71
2738,5270736.45
2746,9273325.83
2754,4409951.47
2760,8027887.80
2781,3678554.04
2793,12702760.61
2794,4034928.15
2798,5542226.08
2802,8323926.31
2825,5583470.24
2828,8778527.57
2830,3646317.13
2834,3491986.70
2835,6731475.44
2837,6421115.34
2840,10302818.96
2847,5188440.60
2855,8038971.20
2856,7248164.96
2859,2365294.85
2882,4675803.58
2883,5744821.95
2891,5173276.57
2895,5460398.83
2896,5096585.62
2900,2960653.62
2904,7757295.38
2910,4206180.56
2913,5455881.95
2914,5111820.13
2939,5768796.78
2942,7341546.76
2943,5523873.50
2947,5715729.80
2974,4765911.56
2977,4339340.88
2982,4284415.32
2995,7628201.29
2998,7855401.02
3005,5520145.42
3019,8711543.43
3024,7902394.27
3028,3571083.73
3030,8894466.60
3031,5360772.25
3032,7578577.62
3042,6367010.69
3056,3723472.01
3073,6242833.28
3078,10389249.48
3082,4330663.50
3084,6160814.54
3087,4965006.53
3094,5562164.31
3096,7843478.83
3099,6420151.36
3112,5112605.92
3113,4279113.61
3114,6762840.40
3130,5639423.15
3137,3353826.39
3141,11032705.29
3147,2241696.67
3157,9568797.94
3158,5570540.67
3159,3596427.02
3161,4089667.53
3170,5570068.33
3175,4804841.22
3179,7469651.53
3186,8658028.68
3200,7543541.53
3202,6218919.85
3205,5068620.62
3220,9749388.35
3224,5114092.48
3226,5279160.69
3235,5278081.28
3241,4880625.50
3260,5160052.55
3265,5590245.20
3266,4665015.31
3271,4971551.46
3278,3416685.45
3282,5530837.46
3285,4277155.72
3291,8966841.60
3301,6566364.33
3305,7026090.02
3306,3421987.27
3308,3489595.92
3309,4649130.62
3312,4054200.45
3318,5562172.96
3320,7306747.97
3326,4105912.75
3330,2423450.82
3331,8057551.40
3334,5004925.31
3353,5203956.03
3364,5133185.14
3371,10892406.55
3380,5784669.85
3382,6837965.98
3384,3512020.86
3385,8758973.80
3386,6912000.20
3389,7668994.90
3395,8418065.30
3400,7208430.90
3403,3429517.74
3406,7915944.53
3407,3598308.72
3408,3324330.43
3410,8020517.54
3422,3095338.97
3429,6816476.92
3434,8052138.30
3435,4145403.11
3440,4726239.68
3444,2810384.89
3446,5458526.04
3450,5531554.26
3453,8386123.22
3469,5065640.62
3471,4859150.26
3473,4508007.89
3478,3241663.26
3488,5017169.92
3492,4931563.38
3496,3355219.86
3498,3425552.92
3500,9295309.63
3507,8805849.75
3516,4312437.05
3518,4124795.10
3536,8245591.57
3537,7736860.98
3541,8956652.54
3545,2954625.18
3547,3839609.63
3562,4865439.33
3563,4805597.11
3567,3442271.71
3568,2963624.04
3573,2468481.32
3575,7514945.03
3580,4990533.74
3588,5903275.61
3593,5318071.09
3595,6781061.22
3603,6802978.99
3621,11194696.42
3629,4552493.05
3630,5872367.51
3631,4658318.19
3634,4280290.23
3635,4936357.57
3636,9594669.53
3641,7994663.88
3657,6437852.19
3661,4691411.08
3669,3577509.33
3691,5197918.56
3692,2405500.77
3699,7252392.76
3706,6079198.48
3709,4956444.21
3712,7692700.03
3719,7731576.03
3727,4998054.23
3731,5564059.69
3740,8517342.34
3750,5323665.04
3752,4497121.29
3757,3165588.42
3759,3170144.61
3762,5486116.39
3763,12332370.55
3768,6958561.21
3771,3768485.38
3773,4651691.44
3774,5077433.19
3785,5564328.96
3793,5065831.62
3795,6336316.47
3804,5439758.30
3814,7807927.23
3816,5873666.40
3819,10041981.44
3822,2908912.11
3827,10552775.16
3831,8037879.55
3848,5335724.77
3854,7385775.64
3894,4318839.09
3899,9445903.35
3900,8152140.68
3901,7315257.16
3911,2300546.38
3920,5104350.57
3930,831658.49
3935,7006001.73
3939,2120101.96
3944,4988590.66
3951,6581996.22
3961,6268029.88
3966,6414867.28
3969,8987431.47
3971,10458553.79
3977,3790178.74
3979,5557233.63
3980,4347444.53
3982,6399262.81
3988,3288503.45
3992,5611456.05
3996,3290003.58
3997,5309412.45
4001,5992615.36
4004,6708567.03
4006,7822275.89
4008,8999339.69
4009,7561680.52
4015,3911745.78
4027,7285168.73
4028,5959971.53
4034,5013876.57
4035,3999908.57
4037,5987543.45
4046,3186075.32
4062,4288215.26
4074,5031392.42
4084,6997975.75
4096,4082366.92
4101,4384577.02
4112,7492148.30
4118,6689220.29
4122,5471777.33
4138,6330961.15
4159,7764947.38
4161,10194608.72
4165,4632764.87
4184,6111597.66
4189,5338152.66
4203,4011488.19
4209,5604162.52
4214,3059861.85
4221,7350153.64
4224,5110766.61
4227,3724542.65
4233,4668079.16
4241,6638620.56
4245,4036660.14
4258,5617436.51
4259,3355177.17
4263,11159709.92
4264,7044039.56
4267,4949918.73
4268,8304719.33
4269,2605923.45
4270,4238301.40
4272,4957877.37
4274,3884434.12
4283,3997740.04
4294,4563967.85
4303,7447721.46
4308,10786062.71
4310,8400072.41
4311,3971491.78
4314,3991895.03
4317,5773698.30
4318,5730316.51
4328,4429385.14
4334,3534621.67
4341,3524246.96
4342,8748210.32
4356,5670630.89
4366,8357647.58
4367,3992102.57
4371,6428858.70
4382,5025539.95
4384,6000585.84
4389,8535331.29
4394,7274571.47
4399,2718676.92
4400,5880735.27
4404,3481714.11
4414,5019822.96
4417,5424839.68
4418,5779469.57
4421,1657604.43
4425,5790568.33
4434,4371307.42
4435,6957101.21
4441,2273622.76
4445,4538374.76
4447,4750766.52
4451,4314407.19
4457,5204154.12
4459,7625126.87
4460,3096975.95
4464,3503973.70
4475,5997763.40
4478,2928708.08
4493,4198149.63
4500,3973058.90
4501,4870799.58
4508,2628768.56
4515,4831548.99
4517,5498545.19
4522,8671509.25
4527,8689296.18
4535,5391835.85
4539,5287174.05
4546,11410153.79
4551,2580941.46
4553,6269190.32
4558,4922110.75
4560,3067364.55
4562,7116610.61
4565,5925499.83
4567,7318010.64
4569,5740808.17
4580,5154056.42
4582,4843182.46
4583,4782517.47
4597,5982203.97
4604,3775466.68
4616,5179071.01
4618,3911934.48
4620,8847261.64
4630,8627669.81
4636,6646768.24
4639,11459844.89
4648,3256273.45
4651,4850392.25
4653,7891842.77
4666,5232068.11
4687,8080878.80
4695,4751879.22
4699,8501480.11
4701,4930020.75
4707,3847086.14
4718,10760139.23
4730,5771283.76
4733,6397657.13
4746,3292738.07
4752,2488570.73
4753,5716659.13
4757,4228434.03
4765,5696828.24
4768,7348618.23
4771,8380856.91
4774,3544955.93
4779,9494463.55
4783,4592520.59
4793,8303797.99
4795,4139430.30
4799,7012895.68
4800,4114872.70
4807,1682821.60
4810,5289095.97
4820,5520785.47
4829,3355789.86
4830,5442914.08
4838,6469762.45
4841,5855750.17
4859,7227791.54
4863,6106243.84
4865,6018952.40
4868,7969371.42
4869,6987863.36
4879,5832129.40
4882,7234471.66
4883,3793798.96
4884,9572453.06
4889,4311213.79
4894,6750655.70
4900,6004128.16
4902,5521319.26
4911,7348186.86
4912,10262812.16
4924,5835387.97
4934,4799161.36
4940,11606697.56
4942,5797292.34
4944,3288637.21
4945,4248670.09
4946,6173443.97
4948,3496768.35
4965,6992898.33
4975,7499465.11
4977,7959869.03
4995,6429667.45
5004,5820276.89
5009,8700177.17
5014,4536341.18
5018,6693997.82
5028,8829515.46
5029,10479999.99
5030,7365030.18
5048,9905165.79
5050,4804893.98
5053,9305830.22
5056,9672789.29
5058,5815578.96
5062,6529895.26
5069,6232597.89
5075,3152390.75
5076,7264267.87
5097,1439746.53
5105,3659090.90
5121,4557955.66
5122,6279510.50
5127,4378419.23
5129,7265586.01
5131,3499027.72
5139,6640708.31
5147,5006412.90
5148,4217139.57
5155,6335480.07
5166,9256951.66
5168,7412849.46
5174,3504723.20
5177,9595137.13
5194,2026274.49
5196,5324185.55
5197,5449208.77
5211,9951920.60
5218,6111934.17
5219,5967892.02
5221,4776200.15
5224,5959336.10
5227,6469013.97
5246,9662403.14
5261,4721251.74
5271,5296082.30
5274,7473643.36
5275,6599965.56
5278,5360574.24
5279,7357859.98
5293,4387406.80
5316,5892106.52
5321,5340689.81
5328,4497787.51
5332,5159232.38
5361,1388356.42
5383,6126935.15
5389,3445009.53
5392,6098412.26
5407,8412230.66
5412,9298439.80
5420,5380864.70
5429,1823245.01
5433,10150738.59
5434,7951696.91
5453,5074605.79
5467,6683788.08
5476,3810400.43
5501,5998985.08
5504,3359258.95
5516,1267525.37
5529,1153540.76
5535,3402614.73
5536,5507305.81
5541,7632534.17
5548,7153231.07
5550,5499603.14
5556,1687956.78
5558,3843790.52
5563,5343147.68
5576,10539464.28
5577,1369958.81
5590,10426909.72
5593,3094812.97
5595,5309393.91
5601,5432237.39
5615,12388378.32
5619,5746944.06
5621,7534635.82
5622,11866446.85
5624,6322348.25
5625,7066045.34
5639,3382319.82
5652,3295009.49
5654,7008162.50
5672,6059253.20
5676,8219696.07
5677,4989541.51
5694,3204180.56
5695,2941415.36
5701,3418159.83
5708,7935437.36
5713,4732199.69
5717,5561379.85
5726,5935460.40
5738,5520716.64
5739,2302563.01
5742,3496334.73
5745,4677756.37
5755,5465806.05
5756,4047492.16
5758,11006296.02
5772,9788673.99
5805,11673050.09
5810,5570031.00
5822,5614165.23
5835,3101156.67
5839,8976964.87
5843,3045021.16
5859,4900575.74
5861,7194224.90
5862,2916518.35
5866,6730044.84
5867,6767646.40
5872,813094.11
5876,5057435.91
5885,5022900.90
5890,6392956.15
5898,6233939.32
5900,5438078.59
5901,698336.55
5909,3008216.99
5913,5367088.42
5916,8952844.08
5918,5346066.49
5921,9163235.02
5931,2924234.14
5934,5917313.53
5935,3876093.63
5940,7477788.91
5941,7365439.09
5955,4950703.70
5958,6148097.43
5973,10047541.93
5975,4201059.98
5976,4304956.50
5977,7523370.16
5981,4863761.29
5991,3446793.40
5995,4916778.56
6000,3235880.50
6001,2968408.00
6017,5596799.46
6018,7841729.36
6038,7193960.10
6041,3692316.26
6053,3801748.06
6057,10434632.50
6063,12331003.71
6067,2621712.85
6074,6194272.86
6082,8290504.55
6088,3539043.69
6089,10224377.47
6092,11173196.03
6093,3275527.50
6094,6402978.48
6096,4493493.72
6101,6270640.93
6112,8341006.45
6114,7240055.61
6121,5121919.56
6128,6247889.92
6140,5509741.54
6148,5862025.70
6149,9024299.82
6158,8144765.67
6160,4630368.15
6191,3157483.33
6192,5441790.62
6193,3182015.79
6203,6225941.38
6210,5879301.46
6219,2835339.73
6226,6607521.46
6230,10330346.19
6234,7188598.51
6237,4938622.10
6238,4781028.13
6250,8009140.65
6253,6532560.02
6256,5986998.81
6286,6845948.27
6302,8757377.17
6309,4713539.01
6316,6348530.94
6332,4053019.39
6347,8198965.48
6352,6121059.81
6362,11936563.92
6365,5649236.50
6371,9270964.93
6377,6416305.20
6387,5374141.43
6391,6992212.41
6395,3459882.56
6399,5519178.73
6402,5551324.96
6405,5365938.26
6407,7692914.60
6413,6520132.27
6414,6260655.99
6416,11383040.83
6417,4672700.80
6431,5637560.73
6435,5728808.85
6436,11550542.53
6438,5872183.06
6440,5309237.38
6441,8249650.32
6458,2781340.87
6477,6796390.19
6485,10665021.32
6490,6531188.85
6495,7886977.73
6507,11395250.95
6511,7210758.54
6513,6387708.00
6520,7619732.78
6528,5748015.11
6529,3330137.20
6539,7394973.08
6540,6393864.96
6543,6360373.70
6551,5336204.18
6558,3621019.46
6560,10987809.53
6564,9562146.89
6579,10688381.96
6581,5410065.10
6587,6483619.87
6590,4989282.74
6594,10361527.64
6598,5245066.44
6599,7216866.11
6603,2979513.80
6606,9880773.48
6613,5634700.16
6618,4785587.16
6620,4644224.05
6623,6353669.44
6625,6291575.76
6628,3182011.53
6629,8584641.54
6631,3694028.04
6643,3947279.61
6651,5985551.04
6671,8185933.02
6675,5723240.40
6681,6927424.64
6682,6319807.44
6688,7326673.76
6704,5623115.47
6715,7670714.55
6716,4178373.94
6720,3520074.25
6725,7069193.70
6743,6362693.41
6751,9352566.34
6753,5120259.32
6754,3929590.00
6757,5238837.83
6759,3560750.35
6762,4880677.68
6763,4640737.90
6767,6868368.09
6780,10763776.93
6782,6870936.63
6784,5168165.59
6789,5009586.11
6792,6221849.88
6802,5747097.44
6805,8735058.40
6807,7676114.70
6810,4405808.99
6814,6899517.54
6818,3897009.04
6823,6063546.58
6830,8455955.27
6832,3790213.63
6836,11864153.86
6840,9610210.53
6842,8167571.46
6846,6717779.78
6847,11123021.48
6850,10502479.09
6855,6719032.13
6857,3345302.42
6860,5823394.05
6863,10942346.03
6871,3547337.32
6884,4316641.75
6889,4611339.18
6893,3993900.82
6898,8033059.29
6911,8962905.75
6914,5644934.86
6918,10397121.51
6934,4856496.43
6953,9803160.13
6956,4237587.70
6971,9454411.87
6974,4452731.14
6982,4590440.45
6991,11599449.55
6997,5237075.48
7011,6070898.86
7032,8416753.02
7045,5005041.09
7051,6857278.47
7052,6274673.90
7063,5123091.94
7068,9862903.27
7071,12146658.12
7072,4649114.91
7073,6957149.53
7079,5304169.24
7088,8681708.63
7090,5958186.26
7104,4255107.39
7106,5350019.29
7117,7992047.03
7118,7271921.01
7121,8545798.08
7124,3554921.04
7133,6471640.22
7134,4353699.84
7135,3785913.29
7138,2571130.45
7140,5773064.15
7145,2973275.97
7155,3324179.89
7160,6521489.52
7162,8169585.76
7168,5131946.40
7171,7549046.96
7176,4709706.83
7184,7583230.84
7190,9759425.14
7203,6354933.69
7213,4430190.73
7223,5720317.43
7224,3990137.89
7225,11229072.92
7231,7634416.35
7233,9006241.23
7241,5839257.89
7242,6670851.40
7247,5983069.59
7249,3266157.09
7254,5480183.74
7257,5028654.18
7261,11855247.74
7279,4835175.36
7299,9650826.44
7301,7532064.96
7304,7059160.51
7311,4758375.36
7312,8321957.46
7314,8223587.18
7315,3416592.18
7316,4968712.26
7332,6352677.27
7338,5835753.72
7341,5886210.81
7343,7830973.92
7368,7472415.83
7373,3751564.82
7384,1998861.31
7385,8901295.79
7389,6436058.57
7391,3167983.50
7395,5036414.05
7405,10264579.93
7415,6343059.99
7423,9492677.31
7425,6302373.49
7434,9636101.90
7437,5919727.09
7442,11455124.23
7456,8683510.82
7461,5099700.85
7467,6298883.88
7475,8609835.58
7485,5215393.70
7486,6212302.77
7496,7294622.73
7497,4813203.84
7502,3048123.42
7513,5485126.45
7516,3591164.88
7529,5528221.22
7533,9412013.41
7536,7081937.84
7537,8084080.44
7542,7782740.64
7551,7282127.12
7565,4402688.02
7568,5985534.61
7569,1586728.75
7577,2449398.14
7579,9982764.78
7595,3642754.76
7598,9721100.52
7600,2748190.94
7603,8511183.29
7617,7986718.13
7629,5819027.23
7634,6056431.92
7641,5822802.37
7643,6325195.97
7646,7127636.79
7656,5613758.71
7658,5753824.71
7669,5318235.64
7670,4262018.89
7677,6592821.05
7679,5880899.19
7682,2833323.87
7697,7878716.12
7699,7045945.03
7700,4606117.36
7701,12016773.46
7704,5114651.57
7706,8286788.83
7707,6170281.35
7709,5292540.89
7715,7534018.13
7723,7732402.45
7735,5323693.47
7747,7350848.08
7751,7617278.31
7754,7252268.60
7766,7602581.08
7780,4474390.68
7781,11705296.74
7788,6432492.79
7802,10132083.35
7806,8975156.02
7807,8520926.40
7813,2913806.76
7818,9305652.63
7823,5047300.12
7825,6321480.55
7827,3399491.14
7828,3427924.15
7832,6147822.29
7835,2110982.85
7840,6083581.75
7853,5396455.92
7858,6534761.79
7859,8171638.55
7860,5771195.44
7869,5780623.71
7872,5352937.87
7881,4772715.57
7885,4179051.87
7900,10390932.17
7904,5689927.80
7913,6915914.31
7915,8955937.08
7916,8971340.62
7920,4443938.24
7925,3376787.15
7928,5537000.48
7938,4061366.01
7945,3322494.22
7966,5019870.06
7983,4651312.22
7998,8194014.49
8001,1217080.43
8005,5301840.05
8011,8462712.93
8012,8717085.54
8021,4813934.02
8024,4957490.56
8025,4920513.13
8027,6343019.37
8029,3817695.29
8053,4774939.04
8067,1907458.60
8071,8234352.11
8073,9117305.79
8074,7711719.07
8075,7154638.90
8076,5236424.88
8083,6067368.24
8085,3725423.42
8089,5829824.43
8105,3592638.73
8106,4321268.08
8115,6359518.34
8116,5861393.37
8123,3560920.83
8133,5303370.55
8134,5205257.07
8139,7260162.60
8142,10222580.26
8144,6714079.21
8166,5484509.81
8179,7972561.00
8180,7865914.30
8183,5977760.48
8189,6438608.77
8192,4172387.90
8209,4157383.10
8217,4338804.81
8223,3119787.65
8229,2993797.44
8230,4001818.90
8234,4498153.59
8263,6990010.80
8275,5126115.54
8291,7028233.55
8303,7334247.52
8310,5175851.12
8338,9014195.09
8343,6348827.95
8360,10135028.13
8374,6137434.25
8379,5072759.68
8380,5654106.01
8395,8250869.80
8402,4804428.19
8403,7713426.70
8405,4998460.47
8411,6712311.57
8421,7395864.40
8422,4040403.91
8432,7738954.89
8443,6923707.65
8447,2218108.89
8459,3715736.53
8462,11778868.05
8469,5114721.67
8473,7940476.44
8476,5741236.65
8480,6771134.77
8499,5521701.25
8504,6373038.62
8513,6215573.33
8514,7548104.99
8515,5916556.81
8517,7609809.61
8521,5925513.17
8531,5745128.76
8535,6885224.83
8538,6021761.70
8543,6126286.72
8549,9398590.24
8555,3177937.13
8566,6569869.46
8574,6298201.42
8575,7407236.51
8589,9669717.95
8591,6398090.91
8597,5100638.08
8599,8946318.97
8612,3463988.44
8623,7351069.49
8624,7064037.26
8628,8728991.41
8639,10858993.13
8640,6264636.58
8651,6143287.88
8654,3594361.89
8680,6235199.22
8683,6887951.25
8690,7926358.24
8694,4733640.37
8696,7893234.18
8699,6466311.97
8700,7889566.54
8709,2491231.36
8713,3769351.79
8714,3924494.29
8721,6258102.31
8729,7056111.50
8735,5822136.44
8749,9386604.06
8751,4678595.60
8767,3350301.30
8768,9835207.92
8774,6747959.12
8783,10648797.70
8791,3567931.15
8793,4933737.12
8800,6393262.83
8812,5783633.64
8813,5294580.37
8815,4818090.55
8816,7173906.03
8825,10778956.90
8834,7561925.98
8836,8250863.32
8839,8126915.13
8840,6002213.72
8856,5785404.17
8862,3357699.28
8874,5398300.12
8883,6116297.92
8895,2293031.50
8908,6561647.05
8913,8222700.13
8929,7203345.27
8931,6267462.07
8942,4241232.60
8956,5988381.56
8957,12111444.56
8964,2609692.82
8968,4751233.06
8988,4542768.95
9013,8449867.35
9026,5100925.25
9040,6809371.93
9045,4697183.28
9046,6474525.64
9052,5917884.21
9061,5254005.89
9062,11160581.05
9074,3735038.26
9086,3887884.45
9091,4225987.70
9092,4882942.62
9093,7647878.63
9099,7103748.72
9102,11231676.85
9103,6790523.28
9110,5948493.48
9151,5622652.67
9154,6682971.47
9160,5151000.47
9165,6184322.89
9167,3692246.83
9169,4877321.88
9172,7583238.48
9184,4375346.95
9185,9475439.38
9192,6581968.08
9200,6171801.36
9202,11192081.43
9205,2461484.01
9215,9138489.17
9216,6166270.76
9219,4432316.09
9220,4849529.77
9225,8107266.06
9234,6386394.75
9235,5718114.35
9241,5821650.52
9242,3778007.36
9243,5146607.67
9246,7334515.45
9247,7385736.07
9271,8140579.47
9279,8955856.25
9282,7599134.92
9295,6693941.04
9300,7278455.83
9302,6194883.78
9307,4704978.03
9311,6172431.36
9316,8279819.86
9318,6294850.70
9320,5654128.85
9324,5171350.56
9333,7327291.11
9337,7022066.10
9339,6791426.07
9345,5537818.50
9359,8313401.30
9365,7850580.05
9370,10912314.74
9377,3562862.10
9379,6889930.35
9382,7624651.22
9385,10106121.11
9393,4842728.66
9400,2921477.54
9403,5865048.98
9409,6454812.23
9412,6293417.30
9413,7573276.83
9420,5868213.02
9421,5954158.32
9424,7380210.42
9425,6245339.90
9435,7332517.79
9440,9061563.51
9448,4928727.09
9452,6429882.22
9457,3688386.46
9458,6472119.38
9459,11094960.63
9476,6005578.31
9506,3715614.82
9513,7723125.28
9516,5290710.93
9520,12288101.87
9521,10042602.07
9523,8922159.79
9528,9200907.51
9549,6535908.61
9559,11760657.59
9561,5864453.66
9573,3580626.26
9574,3620596.05
9581,3572077.38
9585,7337018.83
9586,6693597.48
9588,8779229.92
9590,7212724.34
9592,8144577.26
9595,6216728.55
9596,6315010.37
9609,7190903.99
9611,4993499.19
9641,8234991.14
9652,8289871.22
9653,7218739.99
9659,10424322.12
9662,8840627.15
9669,5229936.98
9677,5470226.27
9680,3914232.66
9682,3356412.92
9684,7098133.49
9688,4906921.20
9697,11379933.69
9698,4246050.41
9699,5464888.82
9704,5146134.85
9705,7333690.12
9709,6905461.73
9735,6049919.60
9745,6382615.20
9755,6904291.46
9758,11873034.79
9761,3560537.42
9762,8385249.25
9764,6366089.06
9771,6351414.37
9772,3392741.26
9773,4573827.55
9775,5866901.47
9776,5166722.06
9779,6712271.00
9780,6962990.77
9781,4538240.97
9789,7124569.81
9795,3203661.81
9799,6684799.99
9802,9046711.10
9804,8260554.14
9813,6395295.46
9815,3812803.45
9822,3551067.48
9827,6301237.81
9833,6701970.89
9840,5260190.57
9849,6533092.57
9854,5194787.29
9855,12316744.47
9857,5235502.55
9861,4309015.12
9877,7087659.31
9879,6041792.59
9882,5121786.16
9887,5083525.02
9904,3625599.50
9906,8916078.75
9914,5318647.12
9922,9361804.35
9934,6713307.70
9936,5150629.10
9938,7742588.24
9945,8028226.17
9946,5691793.28
9949,7805810.62
9950,3897271.96
9951,5873221.64
9957,10484134.52
9968,7613152.04
9975,3752087.72
9997,5774525.44
10008,7850092.87
10009,9774535.12
10013,5896789.78
10015,7551651.92
10016,9107708.92
10022,10132731.65
10023,8365067.28
10027,9237421.62
10028,3498851.08
10029,7094176.09
10033,5373408.52
10038,3658086.32
10049,2535568.37
10057,4362567.72
10058,6771462.22
10065,8337776.68
10070,6100056.24
10073,6660586.65
10076,6113215.28
10077,6244401.13
10081,5777187.98
10086,11213166.91
10089,3941927.75
10098,640953.37
10100,3404732.32
10111,5831240.57
10113,4584080.15
10117,5878282.44
10131,4527669.44
10132,5254717.43
10136,5745024.74
10137,4410027.39
10138,3625605.70
10148,4444095.00
10152,5662673.98
10155,5297718.74
10158,7215021.81
10169,8726787.56
10176,7798392.41
10181,11917144.35
10186,8587388.83
10189,3674493.72
10190,8315501.99
10194,6099718.54
10209,5766917.39
10211,10136639.53
10218,8205433.37
10224,8257354.69
10240,5896315.68
10244,6096179.75
10248,5256863.17
10255,5968941.20
10267,9844930.22
10271,6361533.39
10273,6986556.90
10277,6928639.82
10280,9115643.35
10281,9422266.14
10284,8037946.23
10286,6336185.53
10290,4061318.75
10295,6175398.78
10304,2772370.90
10307,6772237.89
10316,6380118.31
10319,3580319.23
10320,6453115.98
10327,7780567.47
10330,5513821.06
10334,6419467.13
10338,8509629.05
10343,6668209.85
10349,5309036.61
10350,6535508.71
10353,6598299.11
10363,5136187.12
10372,7118496.69
10373,5887134.76
10376,6129655.08
10382,3720007.50
10394,4893822.63
10410,5017145.18
10415,7789179.96
10416,3702616.51
10434,5853724.70
10437,10273339.13
10448,4594625.50
10487,7692626.70
10488,9333411.13
10492,11583091.19
10500,8386337.20
10505,6389686.29
10508,4139619.21
10511,5603052.27
10517,3259155.56
10518,7828370.03
10524,5140197.59
10532,4033829.81
10534,4234666.76
10536,4604091.54
10538,11302744.74
10553,8856840.31
10559,4675121.89
10560,8962279.67
10561,4834756.62
10563,7057377.86
10574,924983.78
10580,3277075.63
10581,10504330.67
10587,5428167.32
10594,6806973.88
10600,7603097.08
10606,8065805.23
10613,4205139.99
10615,5390260.16
10616,5000578.54
10621,7872833.51
10622,7768958.72
10626,8106369.24
10631,6298678.49
10641,5570547.86
10642,7406049.22
10646,6306197.19
10651,10578571.78
10656,4819700.61
10657,4314109.38
10658,6983621.29
10666,8643799.36
10671,5818885.43
10672,8391654.20
10693,4750682.25
10695,6452581.11
10696,5091789.45
10704,11205158.09
10707,8540109.61
10708,9518630.98
10714,3817931.45
10715,5085063.39
10716,9490599.11
10728,7717373.06
10733,6302854.05
10737,5444567.02
10747,6331255.36
10752,12377857.32
10755,12760508.34
10762,5482447.60
10763,6842455.41
10766,5195141.70
10778,5481766.44
10780,5170716.35
10785,6218727.34
10793,1857882.50
10814,5515391.37
10835,6753914.18
10837,7277644.88
10840,9840478.44
10849,6299604.98
10851,4283600.33
10866,8652847.98
10868,6395368.84
10890,5224897.76
10900,6141003.61
10903,6270950.68
10908,10339533.30
10912,3431873.80
10914,3835310.33
10918,7115546.29
10919,8374708.52
10920,5659487.75
10925,6804311.23
10935,7389172.58
10938,6447407.76
10944,4486948.89
10950,6052337.71
10964,7897113.90
10975,8839182.66
10977,6712681.38
10980,8262567.07
11005,6183344.19
11010,1909703.59
11018,4906868.88
11026,10644497.06
11036,8765029.83
11041,4821395.73
11042,5383035.87
11045,9289662.23
11046,10717376.83
11048,9444846.98
11053,5602790.84
11054,7844723.08
11056,8087589.32
11057,6609074.35
11061,6922727.98
11063,3823962.83
11078,6069863.76
11079,6649620.65
11084,3475034.60
11090,4852619.17
11096,5974830.76
11097,8106917.80
11105,4901278.08
11107,7894637.53
11115,9399625.95
11122,8196620.85
11132,6294464.76
11133,5796035.63
11137,9543465.85
11143,7968834.17
11156,6620729.26
11187,7803483.20
11190,8653102.13
11194,4420660.55
11196,6457740.23
11202,6409067.10
11204,4624013.53
11217,5417457.20
11222,5944203.40
11226,10806833.94
11228,5307711.47
11239,10234506.79
11241,5536730.22
11242,6725508.85
11243,3375561.46
11245,10370405.19
11246,3366852.12
11247,9954858.89
11254,4884873.14
11263,6508041.68
11273,6536859.72
11276,8915013.53
11293,3878904.64
11309,5316176.37
11313,5416849.60
11315,5940567.34
11322,3284358.09
11332,10872562.64
11339,7349696.04
11342,6646991.76
11355,5071016.96
11359,6256737.66
11376,10231133.51
11385,11817777.22
11395,7651948.04
11406,6562977.99
11415,5463711.11
11425,2628660.54
11430,5600888.23
11432,5314683.94
11434,5844082.35
11435,3669564.64
11436,8615831.26
11439,7722220.61
11445,11391462.83
11447,7568701.75
11479,6394071.41
11482,6877872.21
11487,8341490.17
11495,5209760.67
11498,6836602.93
11508,7959076.65
11514,5083888.91
11517,8495431.15
11526,4940684.24
11541,7626660.30
11555,2276569.64
11560,6543120.99
11563,9213198.40
11574,7933787.49
11578,6206961.49
11584,6219514.51
11608,6166400.97
11613,11391230.34
11620,4753933.91
11638,8332625.71
11640,5873526.28
11643,8032179.14
11646,5846760.47
11648,4144846.23
11656,7759687.27
11657,7631700.72
11673,4193897.84
11681,5773973.39
11695,12353000.87
11696,6657181.94
11698,7649751.91
11699,6708376.91
11706,4362813.37
11710,6844860.79
11712,6942398.29
11730,10523076.51
11734,5306009.45
11744,12097011.33
11745,3350003.26
11756,5189187.25
11763,3127752.79
11768,1846329.43
11783,9064381.66
11791,4585132.79
11794,8072648.71
11802,6406394.90
11809,6508069.96
11815,7787225.01
11817,6731268.08
11819,6163252.85
11830,7022469.74
11841,11132191.28
11851,5870271.53
11861,9665965.54
11863,5874925.08
11865,8576116.01
11869,5758887.40
11877,10365932.26
11878,6294841.62
11889,10535045.86
11894,6156012.88
11905,8914390.72
11910,8170600.74
11920,7891027.80
11929,7085884.11
11930,8916644.65
11931,7508963.00
11935,8845057.75
11938,5662385.99
11942,8223942.04
11949,6286933.35
11956,7569263.36
11964,5813519.39
11968,7067295.76
11974,4664877.18
11976,6483369.87
11977,6451413.99
11984,6167139.93
11985,3802428.85
11994,7762709.48
11998,4310187.71
12000,7979720.35
12003,7365110.36
12005,7694094.60
12009,6350647.55
12014,7354604.00
12019,10391445.91
12020,4685368.46
12021,3945722.00
12025,6521583.16
12030,5774190.82
12045,12846716.87
12047,7502876.53
12050,5825448.11
12054,5685303.85
12055,3839482.09
12056,6075933.37
12063,10613841.06
12064,5993978.43
12067,4808635.15
12071,9947124.40
12074,6904524.05
12077,7903147.82
12093,8877376.77
12095,6870642.33
12099,5514533.80
12103,5240896.58
12110,6783973.59
12112,7935334.23
12115,6553495.18
12125,8264669.46
12126,5205249.05
12136,5825573.68
12138,6142559.91
12146,5604223.78
12147,6749512.75
12152,6622700.03
12170,8383707.22
12171,4702022.59
12178,9657623.97
12181,5613742.36
12183,4744330.55
12189,5668459.70
12201,1849483.41
12203,5793372.54
12204,5855578.36
12210,6471050.03
12214,10234144.99
12217,5749347.95
12219,6574815.27
12231,11068258.71
12238,3810800.83
12241,8884194.52
12247,4425593.94
12251,6678230.31
12266,6492891.63
12267,6718250.25
12270,3633543.82
12279,4829147.27
12295,5078038.86
12298,2072570.93
12306,7655745.89
12311,8416958.33
12314,8681039.58
12325,6413611.92
12328,5355340.15
12333,9519372.91
12346,6113281.08
12349,4921394.17
12350,8636752.27
12355,9943816.14
12366,6930229.78
12370,5350475.23
12382,8122233.28
12396,9452888.32
12412,6648415.04
12416,8705999.54
12417,5955009.57
12427,3298743.17
12450,5883506.59
12455,8758374.48
12456,7995964.53
12462,7728857.98
12463,8358105.96
12464,7926646.20
12468,4548801.61
12475,10296235.50
12476,5770165.88
12484,4896548.57
12488,4697640.43
12491,5633758.92
12496,6000822.26
12507,4295647.41
12508,5120410.20
12516,6218892.25
12519,5815438.62
12520,2778501.92
12522,5706429.04
12528,5814817.33
12536,5326926.28
12554,5365084.68
12557,6011185.41
12558,3945044.76
12559,5626500.91
12562,8097757.65
12566,5488483.34
12573,9891878.68
12574,7255881.56
12575,5377838.69
12577,6182166.49
12591,10551496.26
12597,8794149.25
12614,9417587.99
12615,4513244.80
12620,7811452.82
12622,9545656.49
12623,4522649.16
12625,6088633.53
12630,10970518.65
12631,4750542.90
12635,9570663.34
12649,6864710.15
12651,7611237.53
12656,11508220.99
12669,7074514.86
12674,5409427.40
12675,6788796.81
12686,9727083.84
12698,8119035.97
12708,4826168.86
12723,5469902.63
12732,5701081.90
12756,4751024.08
12757,6385555.22
12760,5973040.56
12762,5726093.18
12774,6435559.83
12782,8084989.34
12785,2899170.24
12786,6350501.17
12790,6343262.71
12794,6563437.20
12799,4629403.17
12800,4798185.81
12806,5653308.05
12819,5126642.73
12820,4207465.67
12821,7881491.71
12829,7137581.13
12833,5287502.68
12837,7975352.95
12843,10486352.43
12848,7583107.81
12857,5532121.21
12860,5329361.97
12861,8758105.40
12868,11477980.72
12869,6179099.15
12874,5281575.09
12878,3221386.68
12886,9747858.30
12892,4901202.36
12898,3503456.19
12899,7962969.69
12900,6843473.63
12908,9744496.14
12909,4949149.77
12911,7557136.85
12918,8470257.35
12932,5359175.43
12934,7876982.72
12941,5847202.61
12942,9441454.87
12943,5468582.81
12953,5548293.09
12957,4596851.30
12958,5798264.45
12962,7925745.06
12974,7839938.17
12978,6237106.41
12981,7397631.91
12988,7933655.65
12995,5277247.67
12996,9645936.23
12999,11661400.20
13000,6373555.07
13002,9983312.68
13005,6589954.63
13035,6948251.18
13037,6253753.53
13039,5991990.66
13066,6189836.51
13087,5172067.95
13088,6883311.28
13091,5903428.53
13098,11484123.25
13108,5156791.26
13111,6362776.41
13123,6322233.55
13146,3520073.47
13147,8534890.26
13165,13033113.71
13177,5983928.69
13180,6578802.21
13197,8129142.70
13201,7288361.52
13202,7635379.42
13207,3747988.35
13230,7270232.62
13234,5423935.99
13238,10621602.19
13245,12237494.63
13251,4130788.09
13256,9818004.06
13279,7964023.74
13282,3470311.16
13288,6252629.51
13290,6519208.90
13291,8206831.45
13298,9797599.91
13301,5114560.14
13303,7665008.92
13305,5062757.60
13313,8013065.89
13316,5430552.15
13320,6697451.54
13330,6455574.82
13338,4256224.86
13342,3672002.00
13347,4436498.67
13349,6784100.45
13377,6668689.30
13385,7966443.90
13391,8366404.59
13392,5666861.36
13397,6689768.22
13404,8454464.52
13415,6438445.57
13419,6535720.87
13431,5234783.61
13439,5377452.29
13444,12497354.84
13460,6935572.58
13464,9613172.99
13478,6712214.71
13486,5725203.81
13494,10463801.69
13511,5547049.46
13515,5652003.42
13521,7147292.50
13537,8157995.09
13545,5149933.23
13549,7724645.67
13583,6053257.02
13587,7894234.40
13592,8891267.83
13598,2496306.38
13608,11069373.11
13613,3874061.11
13616,6651007.76
13619,4441620.49
13623,5828335.88
13624,3922174.51
13633,7336170.30
13638,6937399.71
13646,5896973.81
13648,3839655.03
13649,8141273.37
13657,4016465.61
13658,7680419.76
13667,4632413.46
13686,5882729.79
13692,6236832.05
13697,3009205.21
13699,10223771.20
13700,3444284.72
13706,6608803.07
13709,6746021.98
13712,6868463.69
13719,9974778.16
13724,6376391.17
13725,4062528.73
13728,6599813.29
13732,10410824.27
13745,8440791.95
13777,4066827.92
13786,6100933.56
13798,7420024.57
13827,8441660.97
13828,4596577.51
13829,6077299.96
13830,4916774.50
13840,5169787.12
13841,5583505.88
13842,4538527.20
13852,7021231.63
13853,6460204.45
13859,7649870.14
13870,7490160.24
13872,6844919.96
13875,8032073.49
13876,5171143.54
13879,5966410.96
13881,5590171.19
13882,10007980.54
13886,9696566.45
13889,5321242.63
13899,7855500.13
13901,8212367.81
13902,6294528.30
13914,5977471.75
13915,5771026.15
13920,11018976.72
13924,6741375.17
13925,4249990.80
13930,6613605.51
13933,6266761.29
13952,10811101.58
13953,7841411.13
13959,5147465.33
13960,6749049.48
13962,4504676.29
13965,8255260.07
13968,6752533.13
13974,9805429.88
13976,5908335.05
13982,7062844.07
13983,5085921.52
13984,6317710.79
13999,6527667.14
14013,4919197.49
14026,6812930.81
14029,6140943.04
14042,9942855.07
14048,6559451.34
14059,11398836.03
14067,5874693.53
14073,6332414.50
14080,7287304.74
14092,9091610.04
14093,9485735.63
14111,7260348.22
14112,3830251.76
14113,3999700.37
14132,3533278.49
14135,5468598.08
14146,11568121.66
14158,6400496.26
14163,5796938.61
14164,5078957.79
14165,5811526.26
14169,6442438.99
14171,5607610.29
14173,6693320.45
14178,6728842.82
14184,6099416.31
14190,5220068.27
14192,6549154.37
14217,7708121.97
14224,6403130.81
14231,7230443.87
14233,5643634.49
14235,7589936.91
14247,4801592.94
14252,4299153.18
14265,5323320.50
14267,4262343.48
14268,5987832.70
14274,6703920.48
14275,4994438.77
14281,5219985.80
14295,5174036.74
14306,5936958.43
14307,8383920.34
14308,9376916.97
14309,7569890.99
14318,5024440.43
14325,8273874.71
14329,9267015.77
14330,7461889.57
14337,6911075.59
14342,6489124.19
14344,4077522.42
14350,9591644.31
14355,3781234.04
14357,5569263.72
14358,6743332.03
14359,5609698.94
14380,4974974.07
14400,6623360.96
14402,8725473.10
14409,8091342.70
14429,5747703.34
14430,7152301.11
14434,9376318.73
14445,6629878.05
14451,4128178.76
14453,5003234.40
14457,6324360.74
14462,12009939.40
14468,5994040.01
14475,8041979.07
14479,4800599.44
14489,7332119.88
14492,6721703.70
14499,6420441.52
14502,4718757.29
14505,3559844.15
14518,5926971.78
14524,9670051.87
14526,5473197.08
14546,7432770.50
14548,6934994.24
14550,3578958.87
14562,5195527.01
14575,6532632.71
14576,7852845.73
14579,10903367.83
14580,6192599.81
14582,12628260.95
14594,6222500.47
14595,6650410.61
14597,6086491.30
14609,11424152.57
14613,10319227.12
14614,5692703.02
14627,5240038.09
14633,5482898.97
14638,6368059.63
14639,9855452.14
14645,7736297.40
14648,6846645.27
14650,6804277.92
14668,7616965.72
14674,4423358.84
14678,5039685.58
14680,5570796.04
14689,5669751.60
14690,6314243.84
14692,8965724.59
14704,5674287.98
14705,4227604.18
14713,6884171.92
14716,5621469.69
14717,6396469.63
14723,10641607.83
14728,4919976.64
14744,8050405.95
14745,7759929.08
14750,2869929.73
14767,6002367.02
14792,6676067.32
14793,6824503.37
14804,6299128.05
14817,5712189.70
14822,6456892.67
14824,3207950.35
14833,12929489.09
14837,6350416.55
14839,5495278.11
14840,6937547.55
14843,6878394.13
14846,5088114.68
14853,9946671.70
14865,6768834.24
14877,6678670.11
14897,9070003.05
14908,6355113.91
14911,6367527.17
14914,3795252.99
14917,4864004.06
14919,7720276.30
14922,6386260.01
14925,5602096.06
14931,4736602.42
14940,10284619.79
14942,5933091.78
14943,5434059.17
14952,4241429.17
14953,5180267.95
14957,4704732.53
14959,7682700.43
14960,6194840.53
14979,4794314.54
14984,9281304.11
14988,6008602.44
14989,3035435.97
14990,6320604.79
14994,6259643.72
14995,6467291.21
14998,6699384.17
15000,5645957.69
15003,7585590.59
15023,5520998.10
15025,9381619.39
15036,8681321.20
15037,2986654.59
15050,8178787.05
15060,4468088.41
15071,5292187.91
15085,7562044.79
15094,7861680.91
15118,6407234.04
15121,8192567.54
15122,4782635.90
15124,8941059.51
15131,3860381.84
15150,5502243.47
15152,6812270.93
15186,6312825.38
15188,4544161.89
15193,4941281.75
15196,7001642.80
15217,5734745.76
15218,7945623.13
15221,7338513.52
15222,4889949.75
15225,6567810.33
15228,10842166.01
15236,8463671.52
15238,6302549.36
15247,9546795.38
15252,5307865.47
15265,4687428.76
15266,7800758.13
15271,3363223.62
15275,8410348.75
15277,9815326.11
15279,8498926.30
15290,5886044.70
15300,5468015.92
15308,8119662.77
15328,6168450.85
15329,6816411.54
15334,6304772.39
15337,6572111.05
15338,6435092.56
15345,3853271.34
15351,6784509.79
15358,6101399.68
15364,10412671.37
15366,4389099.78
15373,8379233.03
15381,10131930.58
15406,5501738.98
15419,4190535.73
15422,6495869.06
15424,6742515.68
15425,3552512.20
15427,6096680.20
15429,7315062.53
15436,6773057.15
15440,9530665.88
15459,5976559.70
15469,7217571.40
15474,2803658.89
15476,4067119.14
15482,1722933.15
15484,6289629.88
15485,5808225.51
15490,6552820.75
15492,7552456.46
15498,9936467.01
15503,6267215.34
15515,8426202.31
15519,5306832.30
15524,10872076.71
15532,7118844.51
15536,3375281.63
15539,3551975.89
15540,7316299.48
15553,7068515.66
15563,4394337.60
15572,6204566.21
15574,8587240.81
15577,8082621.45
15603,9946267.06
15634,5587599.73
15638,11114018.03
15651,11163917.71
15653,6719571.70
15658,4837974.47
15664,6761035.76
15666,6407694.92
15674,6890936.14
15681,3609590.20
15684,3763916.31
15689,10533604.91
15692,6076447.10
15694,6556517.86
15712,6436191.04
15715,5408991.18
15720,8621003.72
15724,7259029.70
15728,8218796.28
15731,7854425.20
15736,7398530.63
15737,4183642.93
15748,8072205.05
15752,6411605.67
15757,10943814.15
15762,7922325.77
15764,3868636.81
15771,6292499.39
15775,5883133.82
15787,5436637.59
15793,7530309.69
15801,7530309.69
15807,5702260.52
15811,7085826.94
15819,4909085.71
15827,10443371.90
15830,6054485.10
15840,9392488.52
15848,8354259.66
15870,5565881.08
15875,9889771.27
15882,11608703.15
15890,6421642.07
15899,6815814.53
15908,6330852.54
15915,7609323.16
15918,5524214.69
15921,11940114.90
15923,9583937.12
15928,3341714.81
15933,6517747.73
15936,6081229.22
15937,5035451.62
15944,6369933.14
15945,6262851.81
15952,11003018.95
15961,6797744.84
15969,8446734.92
15981,5442746.34
15984,11992089.22
15988,7947573.02
15993,6397484.73
15997,5384364.14
16011,5353644.37
16018,6515481.48
16020,4652279.37
16027,5284981.54
16040,5525173.12
16046,6327010.37
16047,6948755.72
16059,7002062.71
16060,10990593.21
16069,6288335.64
16083,6572280.08
16096,6290719.59
16114,5707156.01
16118,7648195.88
16121,8692978.74
16144,7560047.72
16151,9230289.19
16153,5317129.53
16166,1726727.74
16194,9089676.04
16195,7369583.62
16200,3869195.65
16202,6466957.55
16206,5876842.85
16210,5068569.81
16222,9262806.54
16223,6440266.46
16231,8403905.17
16233,12612317.22
16238,10150088.34
16239,9136474.28
16249,5214030.22
16255,5730760.63
16260,1123952.52
16264,6137776.75
16272,3621399.47
16287,1663113.97
16293,4564952.35
16297,9137665.23
16301,8922830.63
16306,4766668.27
16311,10000530.04
16312,5166717.22
16319,6443612.23
16322,8588850.87
16333,3689482.61
16334,6327675.87
16337,7500301.54
16340,6032463.65
16349,8481151.57
16354,3906247.51
16358,6764345.71
16379,9080443.45
16380,7737347.73
16386,7843802.00
16389,10399309.32
16392,10329611.96
16404,5918309.92
16407,9116396.11
16408,6269020.67
16413,6460874.09
16415,10726198.24
16423,5046702.31
16429,12723352.61
16435,8878233.91
16440,9410573.84
16443,6080008.02
16445,8900396.84
16449,7747116.36
16463,6826045.75
16464,9448799.40
16473,6758688.56
16474,3581698.11
16484,12423476.62
16487,9788015.53
16488,6329885.11
16492,9925494.59
16496,11684561.08
16517,4641902.40
16519,9459833.08
16524,7250863.43
16525,6622004.40
16529,3006280.90
16545,5620998.67
16550,10151008.25
16571,6055280.38
16574,11896218.56
16579,4276836.36
16584,7040693.06
16585,5730044.50
16588,6950346.56
16598,5060695.81
16610,9760653.12
16611,4826588.68
16624,7970251.81
16625,5692926.99
16626,10638671.31
16647,7243004.54
16654,6535149.65
16659,8388434.06
16666,5718093.18
16671,7621984.95
16674,5377393.39
16685,4896239.41
16690,4236295.87
16699,10090983.00
16702,7741275.32
16712,11942993.21
16717,9313016.29
16718,4542996.00
16721,5587273.41
16723,6397870.92
16740,5755217.12
16750,6905600.94
16755,7111072.49
16767,10204637.41
16770,6498945.82
16781,11170672.89
16784,5316774.96
16787,8161272.53
16792,7695969.00
16796,7195541.97
16801,5847190.14
16813,5261903.85
16818,5684410.32
16828,3448278.04
16834,2475832.35
16842,6055452.09
16856,6973717.93
16858,6858893.36
16862,6480930.77
16863,8843171.96
16867,7260669.65
16871,5147890.37
16876,6582081.39
16881,6310784.35
16882,614741.11
16883,5049328.95
16884,6794439.46
16896,6615462.01
16900,6375562.17
16902,5751599.05
16903,6498851.17
16911,8510971.57
16922,7774049.03
16925,3796747.50
16926,3953953.99
16935,9771220.24
16942,6766773.29
16969,6221729.24
16977,8217211.15
16980,12318314.25
16982,4884787.73
16983,7619137.86
16987,6057306.76
17003,6078233.57
17005,10482734.46
17009,6788110.37
17010,6585113.50
17011,6515123.12
17012,7731339.60
17022,7196626.99
17035,6011728.61
17036,3974603.51
17042,3161271.99
17046,11114208.46
17054,3677674.24
17087,6296480.48
17089,7460805.96
17091,7105112.88
17097,5525119.83
17102,10619541.23
17103,7964438.18
17104,5652709.66
17108,4121620.46
17109,4763991.50
17120,6052443.47
17125,6340477.25
17157,2413783.42
17163,7441886.10
17164,8055802.66
17166,10106596.87
17179,7292457.83
17190,7994640.80
17191,6702661.48
17194,6302097.92
17207,5685626.43
17214,5557111.34
17216,7275517.45
17221,10256407.98
17226,10524519.67
17241,7319464.87
17245,6339781.43
17250,7974524.37
17260,6215476.69
17261,11829146.01
17280,12386298.00
17292,5774672.11
17293,9380679.35
17295,6192801.50
17297,12853808.24
17299,12222469.96
17306,8062770.76
17309,6280645.63
17311,5245656.54
17324,7757445.52
17326,6089371.89
17337,8482107.59
17344,5906769.68
17346,8442805.15
17348,6503992.76
17349,8020537.66
17355,4391835.57
17358,6568626.70
17382,7575386.35
17394,5510596.40
17399,7483222.06
17403,7142048.89
17405,12630481.09
17415,4930984.32
17417,7018629.40
17429,6110647.86
17436,7042574.28
17437,12754932.02
17442,7818905.44
17458,7848101.79
17478,5012988.70
17482,8878340.55
17489,7326437.81
17490,6287057.33
17491,6600338.93
17494,3777678.40
17495,4263079.30
17506,11325339.12
17508,11684966.92
17511,10453738.11
17521,9585010.66
17526,5754634.70
17529,11799043.16
17533,7579750.89
17540,9715459.79
17542,6641783.74
17547,10743863.14
17548,8834474.07
17552,7162916.12
17563,6113517.88
17578,8626523.53
17580,5770118.20
17592,10455508.93
17594,6458794.53
17596,11873723.22
17600,4082488.61
17608,5719926.45
17611,5609677.19
17614,12330483.03
17617,10703428.91
17618,11400053.66
17622,5853367.73
17632,6542461.36
17640,5000262.96
17650,10483727.72
17652,11508292.65
17663,6182461.86
17664,3966136.63
17683,5899293.35
17691,5572291.57
17704,7195483.36
17721,6924396.12
17725,5339668.52
17733,9718712.55
17736,9161246.89
17740,5474973.67
17743,6208456.12
17758,4841470.32
17760,5759668.39
17767,5441746.19
17770,7568073.31
17771,6215592.02
17772,5044658.67
17790,13404213.78
17800,5558823.43
17801,4193572.02
17802,9136522.20
17803,7112897.41
17806,10049203.82
17811,4170320.41
17814,7774550.94
17827,11264396.21
17833,4803937.67
17841,6596345.07
17846,8306672.04
17859,4358595.98
17868,6365187.33
17870,12683961.19
17874,4772682.66
17877,4580933.43
17882,4645482.28
17894,3650908.62
17900,5214875.71
17911,9110690.03
17915,3225180.24
17917,3299436.34
17922,4684058.40
17924,3858429.03
17928,7362107.29
17939,5052050.19
17946,3597068.46
17959,3511121.60
17960,4890812.49
17962,7925582.11
17965,5753231.39
17966,5796355.43
17971,6469734.05
17975,5442089.53
17981,3781519.61
17998,4040664.81
18001,5568810.64
18003,4866401.97
18005,6874948.59
18015,4291665.49
18038,5403807.46
18050,12133504.19
18058,3671587.35
18067,10499505.53
18124,5902480.72
18126,10367732.94
18127,4490548.87
18134,8519904.58
18148,6797593.88
18151,5769857.37
18154,8284140.98
18164,6446262.17
18166,6904016.46
18176,5470313.57
18179,7548950.09
18182,12686592.53
18185,5106996.79
18190,8397574.64
18195,6004237.94
18201,9669415.46
18204,2271125.98
18207,10316616.49
18214,5961966.95
18215,6129505.07
18221,8869333.25
18224,7168482.46
18226,3481253.80
18228,10015440.17
18233,3344600.57
18236,7018191.19
18239,5730745.60
18249,11371076.06
18258,3907999.82
18265,3907999.82
18276,3919769.02
18280,3434507.41
18282,11953835.65
18285,8538687.02
18293,5851930.93
18299,9997417.50
18300,7973898.43
18306,7824188.18
18308,6912203.66
18312,4054457.48
18319,5806072.86
18321,5883219.80
18328,8086329.16
18329,4879360.63
18333,8567612.31
18338,7741375.06
18343,7528562.99
18357,6949639.64
18370,5463312.85
18372,7204775.61
18373,5803181.01
18374,6530449.92
18385,5998214.25
18396,7023017.81
18403,6354850.25
18408,6062726.43
18420,7205467.83
18428,7104000.85
18440,10666414.25
18443,6456123.89
18445,4917208.55
18452,5993456.28
18453,8461899.27
18460,6227657.70
18465,5643485.28
18472,6329448.89
18477,6413065.32
18500,5775817.54
18509,7189510.72
18512,7893922.94
18513,6535235.54
18528,12478997.75
18529,3020058.71
18533,8202652.98
18535,12125825.82
18540,4672734.37
18544,4743664.51
18546,5388541.15
18549,3846794.16
18555,10805736.38
18560,3902748.89
18569,8457285.60
18585,4220661.44
18586,10420135.65
18588,7948220.70
18596,7317849.71
18597,5258617.03
18606,4865859.75
18614,743357.05
18616,7912473.11
18622,5411139.69
18631,10148421.16
18636,6864155.17
18637,10795632.39
18649,8021131.18
18653,8756977.91
18660,4584739.11
18677,9878508.38
18703,5262185.15
18713,4599961.36
18717,1826502.96
18720,5971132.64
18721,6544008.55
18722,6268827.17
18725,4933212.02
18733,8918348.23
18739,12955857.80
18762,8748333.62
18766,4383016.49
18767,8759358.91
18773,7248555.51
18791,5495331.36
18792,9653917.64
18793,7053459.43
18795,9576562.86
18796,3635881.84
18797,9161385.81
18806,6610033.66
18807,8465052.45
18808,6834926.95
18821,5783151.12
18822,10435899.15
18827,5585909.06
18837,597481.05
18843,6001863.94
18846,8378718.34
18847,6003275.31
18852,6358136.29
18858,4638772.28
18859,6812177.49
18870,5149215.29
18873,12076929.91
18879,4709780.35
18880,9416248.70
18904,3967180.76
18905,7365492.62
18928,5653859.06
18932,6035348.22
18935,6518242.59
18944,5650422.51
18953,9029080.35
18954,5089085.38
18960,5439591.72
18962,7943128.62
18966,12966004.36
18968,6788753.78
18981,4871606.31
18982,6052996.72
18990,6837918.03
18991,6873775.27
18993,12386382.79
18994,7981469.55
19000,6728508.70
19005,11123267.05
19013,5019791.31
19019,5207320.19
19024,6563571.29
19029,7980145.13
19030,5037804.16
19045,7027456.09
19046,5388360.31
19053,5467445.30
19073,5255409.54
19079,5114724.08
19090,6475577.14
19092,6321869.92
19097,8905776.66
19101,8161730.08
19109,5320961.44
19124,8301305.41
19131,7815780.19
19133,7790897.03
19134,9175206.28
19135,7395129.62
19140,8768093.40
19145,7211490.48
19147,5453566.16
19149,6719033.54
19155,6906039.73
19170,9015506.73
19171,4909705.77
19173,6705644.94
19175,7773925.12
19206,6976158.09
19207,11738236.59
19208,6586459.75
19220,5046506.93
19221,8661018.75
19229,6327618.95
19231,9794425.76
19232,8728914.21
19236,4566890.66
19247,2067747.98
19253,7062940.50
19263,5334559.16
19268,8033360.57
19270,5739401.73
19271,5406986.43
19274,8984558.29
19276,12581553.44
19291,7716871.08
19294,6896878.80
19317,5864971.32
19320,5880279.87
19325,5803142.28
19336,10277981.56
19347,8690877.53
19353,8690877.53
19371,8514208.82
19374,10069484.67
19376,4093520.61
19388,9577713.69
19389,6472019.32
19405,5912503.71
19419,6561824.09
19422,6289658.59
19430,7082202.21
19436,9662751.08
19437,7036650.22
19441,8192461.04
19446,7697638.76
19456,10744359.81
19457,10173153.09
19464,3308461.89
19476,10058977.26
19478,3397762.19
19489,4003443.65
19493,6565543.52
19510,7431684.77
19512,5660054.12
19516,12527384.45
19519,8764434.52
19523,6777002.46
19526,559239.82
19541,10416610.25
19557,8048952.04
19573,2361645.52
19574,9082277.68
19578,5924834.68
19579,1951562.04
19585,6380440.26
19587,7330061.56
19588,7378699.84
19590,3859744.35
19591,8732434.97
19594,7510805.90
19596,5681663.38
19597,5732109.26
19599,8074302.68
19600,4676738.97
19604,3707282.20
19611,2423726.82
19614,5890744.62
19618,5598687.86
19623,5173919.99
19627,7612971.66
19628,6711286.93
19629,8273481.23
19638,6856759.78
19647,6712077.65
19654,3825896.06
19655,6825327.34
19663,6395742.82
19691,11776640.35
19692,3851054.42
19694,10116660.03
19698,5740395.74
19699,5955284.02
19703,8704281.88
19704,9229521.84
19707,10940058.73
19714,4366892.27
19724,7516067.33
19731,8435159.50
19735,7983348.76
19742,6051216.64
19755,8955630.62
19760,7396556.21
19761,6254544.72
19766,6186688.25
19768,4233990.32
19770,5821191.50
19772,4554961.47
19781,5830317.22
19788,7025270.11
19801,5613562.28
19806,7971062.17
19808,6622917.30
19814,6865272.47
19816,10650942.22
19821,5916370.18
19836,7128242.54
19839,8537591.91
19843,7242712.85
19853,6287464.85
19866,8039700.53
19876,10391763.78
19877,6615475.21
19887,2373605.50
19895,5999225.23
19902,8800188.94
19914,3322401.85
19923,5865105.69
19928,3910194.71
19933,5729036.43
19945,6477808.30
19951,8861986.19
19962,5411610.15
19974,7624264.97
19976,5401718.88
20003,8684522.67
20007,2023603.01
20012,6382619.57
20023,8082020.86
20029,6972203.75
20031,1079845.09
20042,4338410.04
20050,10608299.57
20054,6389532.97
20060,6601097.97
20064,12036098.92
20069,11770334.92
20074,6483564.53
20076,6092388.64
20078,5798870.00
20087,12795107.59
20090,9130686.34
20091,7636507.36
20094,6742271.06
20105,12605283.84
20110,8989787.63
20122,9237461.08
20124,6961007.53
20141,6903873.35
20143,4215457.84
20144,5824995.92
20149,8456020.74
20150,8814127.23
20156,9377896.30
20162,5181175.95
20164,5616033.63
20168,5346038.24
20169,5351786.67
20180,9351323.32
20183,11053149.14
20189,5902351.26
20194,5971199.31
20196,9767270.96
20204,3754178.62
20208,5652159.09
20210,5286246.64
20216,6844173.66
20217,11259749.86
20219,6709288.03
20235,6013223.61
20246,4095523.87
20247,10170298.60
20250,2695123.20
20261,3675276.17
20269,7577886.18
20270,12431867.14
20279,6508551.16
20284,6832814.76
20285,4335411.89
20294,8210652.80
20298,11061479.95
20310,5824388.67
20324,2964913.97
20326,6045709.09
20331,3557283.63
20336,5525319.41
20340,5658052.89
20343,6201625.96
20345,8030959.06
20354,7227428.41
20365,7055992.90
20372,10015070.73
20373,5294873.14
20374,6960798.37
20378,6994859.49
20379,5654993.90
20386,9787757.06
20390,10206271.40
20391,9088917.13
20402,5397237.70
20406,3830458.59
20407,4069489.06
20420,7844634.19
20423,5659092.55
20425,5748166.40
20433,756868.72
20436,8222737.55
20438,11042249.11
20443,7673982.14
20468,9864794.55
20470,9100079.31
20477,11598800.55
20484,7174620.39
20492,6050701.69
20497,10688386.72
20507,6020224.71
20513,8018648.91
20519,8698766.66
20520,2959881.37
20528,4576382.69
20529,5644248.34
20533,3881283.46
20535,7446168.72
20540,7423342.46
20543,7826887.13
20551,6542868.78
20561,5027127.92
20573,5924947.72
20579,6387092.18
20580,8822981.01
20586,11290250.36
20597,6006593.69
20601,6429815.26
20612,10913005.90
20628,9304329.20
20629,6584341.21
20632,6467808.19
20633,6778186.21
20634,4526540.78
20635,5090823.65
20640,8953934.45
20644,5765236.72
20646,4632761.83
20659,8642429.29
20661,5796167.61
20666,5842923.50
20669,5449428.84
20675,5707007.65
20691,4667472.92
20693,6165565.99
20717,12041470.97
20731,5782079.47
20735,11420792.66
20737,1719092.90
20743,3304487.89
20744,5670965.50
20746,8358572.86
20748,4339134.83
20756,8778181.13
20761,12780190.56
20771,5972996.93
20775,7499773.61
20778,13121727.60
20787,7286121.83
20792,3178143.44
20803,6461755.16
20813,8560344.50
20816,3932549.93
20833,7872165.26
20834,6744366.40
20850,6216194.17
20854,6021373.35
20864,6584565.60
20867,6272922.54
20869,5125425.26
20871,11602773.22
20874,4670351.72
20876,5853871.12
20881,5330739.93
20886,7812279.26
20887,11153162.99
20892,6609319.50
20896,7604467.15
20898,4384698.12
20902,8153807.84
20906,9078034.10
20907,6982844.53
20919,6943819.05
20922,4085291.26
20923,6144770.49
20927,6374266.19
20931,8639259.53
20937,6338566.04
20940,7700489.27
20942,6847640.11
20943,10285905.14
20944,6407021.80
20948,6849900.02
20949,9330601.73
20952,11458437.10
20956,4137690.40
20961,6301321.59
20969,6362377.05
20982,10122787.47
20994,6482084.13
21002,5250183.93
21006,6593430.57
21008,6667689.70
21012,6679640.79
21018,5265941.64
21025,6571737.62
21031,7116499.22
21043,6769542.12
21053,7388609.90
21057,3946985.71
21058,6004749.83
21059,7224229.41
21061,4841932.99
21071,8315228.00
21078,7600721.76
21081,5360904.24
21085,6623964.03
21099,6669185.02
21107,8000503.32
21109,6418210.02
21114,6277310.39
21118,5357511.02
21122,9927036.04
21127,9786690.82
21129,8707644.31
21133,11513010.85
21135,5733300.62
21138,11074193.25
21140,5813958.95
21145,7518589.57
21149,5906518.58
21151,5833976.82
21152,12450712.69
21154,6432093.99
21158,10867518.21
21163,5721632.36
21182,8504034.73
21203,11206287.56
21207,10345088.53
21219,4800716.22
21222,3592333.02
21243,8993463.00
21266,6252194.05
21268,11800094.00
21269,6947711.92
21280,6359878.08
21287,6126943.78
21289,7450563.89
21302,5960911.45
21314,9368019.29
21320,7451050.02
21322,5834046.82
21326,9109779.28
21335,10140045.49
21337,7987525.21
21341,9806074.17
21349,5956360.62
21354,6460085.17
21358,5664853.90
21366,7245923.30
21368,9067003.52
21369,10386062.56
21370,6606921.04
21372,7044904.61
21380,6668378.97
21396,4928657.57
21397,6174652.78
21404,3424042.44
21422,13025867.89
21423,11221480.82
21431,3979707.55
21442,8144946.19
21449,8186796.21
21451,10498647.94
21453,12747913.30
21459,4512835.46
21486,9032561.41
21494,4712871.22
21504,8488275.78
21537,4982858.13
21547,7075227.24
21554,6034577.67
21557,7911223.19
21568,7686758.63
21589,11511737.68
21590,6361968.03
21593,1960871.26
21596,7314226.72
21597,7314226.72
21603,9201398.91
21613,4993260.30
21623,8716615.40
21624,6579284.18
21633,3434784.34
21637,13325499.68
21641,8563434.60
21643,8225626.43
21646,7858083.30
21658,10261706.57
21660,10800616.24
21663,7173949.30
21664,5594044.38
21674,5347160.05
21680,4304180.23
21681,7326954.26
21683,11134386.69
21688,9097935.64
21695,6931657.93
21696,10036649.23
21700,11651105.46
21701,7723006.89
21714,5191787.01
21715,6946970.13
21716,8562105.88
21719,8404467.89
21727,5677034.76
21733,6725301.94
21734,6682298.87
21735,6779911.70
21738,3728842.39
21740,5916742.66
21744,6846597.54
21749,6705530.11
21752,7247569.24
21755,5765716.80
21757,8844351.62
21760,5646037.48
21761,4950710.67
21763,5864972.57
21764,5726281.73
21776,11298894.21
21778,9804582.42
21783,7559061.73
21784,12106333.00
21788,5305949.76
21789,6929328.67
21790,6373251.46
21792,2262842.43
21793,9511406.90
21799,10901553.95
21806,8321843.52
21807,5461645.08
21816,4117585.36
21822,8835903.16
21830,8301311.88
21840,9540930.82
21853,6665645.06
21858,5178091.68
21861,5386946.96
21863,6320587.13
21867,8882300.20
21888,5246180.28
21889,11377460.86
21890,8147071.47
21895,6199300.13
21906,6593747.12
21907,8841468.45
21913,10360904.68
21915,5335813.67
21922,7132437.11
21926,4219786.57
21936,7613687.45
21960,11443092.09
21965,6484339.95
21967,6253407.49
21970,6135162.34
21973,7156117.65
21976,6461389.40
21978,7129143.24
21981,6866480.45
21987,2837831.29
21988,3243324.24
21992,6514509.53
22002,11505761.91
22004,7224989.70
22006,5519678.78
22007,11140095.86
22017,9773282.19
22018,7804287.09
22020,12533630.90
22025,6391716.55
22033,6427129.81
22036,8050164.87
22045,7496064.42
22047,6561098.73
22050,7950124.69
22055,4559737.64
22058,6968316.39
22066,7075030.94
22073,8740754.04
22079,10319176.57
22091,5430913.59
22096,6772623.60
22111,6910847.44
22116,10612530.67
22124,12278318.29
22132,6922967.40
22134,8202685.41
22135,6371815.99
22144,3740789.53
22150,5891229.02
22153,8202666.33
22157,7903233.63
22160,5816517.13
22161,6565688.15
22162,8591346.90
22169,5802615.27
22171,3859317.94
22178,7692793.46
22181,8138639.68
22189,9677553.92
22191,6720178.60
22196,6726112.27
22197,5208760.68
22204,6354508.75
22209,3853752.95
22211,11053031.99
22215,4976256.69
22218,3216302.54
22224,7078991.78
22234,6883459.44
22235,9263205.16
22246,7569680.10
22253,7328162.05
22257,8988486.73
22263,3876582.25
22270,9098549.65
22273,6696220.25
22277,6241241.82
22304,7360032.88
22305,6675947.63
22306,11183708.09
22307,4745170.52
22313,5223033.87
22314,5726227.30
22319,1355853.65
22332,9035394.40
22337,11519150.68
22361,8978749.73
22362,8712089.75
22367,6533259.84
22377,10211826.23
22395,9934240.14
22396,10862327.34
22403,5603229.65
22410,8526587.46
22413,3733180.38
22414,5623571.49
22417,3706864.38
22436,10132161.99
22438,3959365.18
22454,3009240.39
22465,8970946.38
22469,1081437.58
22472,1069556.35
22478,6006201.30
22487,5957499.67
22489,7209597.26
22499,7475727.55
22502,7786372.49
22503,9325721.76
22505,8215012.30
22521,6537082.32
22522,11084353.84
22523,6702846.57
22526,5321722.92
22533,8536549.53
22547,5703953.85
22551,6799463.64
22552,7093145.02
22555,4548023.27
22560,9083018.65
22568,7014862.24
22571,7450656.27
22581,6140208.63
22582,11130773.84
22591,5677149.22
22593,7872075.62
22597,9249414.43
22603,7440580.06
22613,5903329.29
22619,9381077.35
22634,8624183.41
22644,7360696.60
22655,4228889.36
22663,6449490.04
22664,6579881.06
22667,9367470.02
22673,3521565.24
22680,6560818.61
22682,6420962.55
22683,5234675.99
22685,4343374.88
22686,7696566.44
22687,5351267.83
22689,6407891.77
22693,6077662.84
22695,10745672.27
22699,10418142.80
22704,8297300.32
22706,8138896.77
22709,5292811.44
22714,5983908.26
22719,10643940.21
22724,6620362.66
22739,8822616.65
22742,9302398.92
22745,6231748.76
22746,8864628.83
22752,4430296.28
22754,8680038.50
22767,7076284.45
22777,7046195.01
22785,10564085.98
22792,8317365.95
22793,5872551.70
22796,8186813.51
22799,10323118.86
22803,10993021.64
22804,5624714.44
22807,8157237.74
22808,12912037.68
22811,5388295.37
22822,7629751.05
22841,7367677.29
22850,4038880.66
22858,8674744.12
22864,11654773.77
22869,6515577.54
22874,3100743.59
22891,8637247.97
22892,6756888.48
22895,6419360.19
22901,8694327.76
22911,8942524.33
22917,4613170.47
22925,6447579.11
22926,8013498.30
22932,9835076.76
22942,6191825.91
22951,13035126.75
22956,8483796.05
22966,5215577.64
22975,7284613.31
22983,4626953.78
22986,8294824.17
22999,7888023.49
23004,7379603.54
23013,7690640.04
23026,4981530.14
23030,11279660.87
23036,6151632.84
23043,9817850.74
23044,10558863.77
23049,5215761.84
23054,10167684.14
23059,10183541.06
23064,6521026.60
23066,5542966.48
23071,7647621.46
23077,12462394.08
23084,4927377.23
23096,6773316.76
23104,9586870.35
23107,8946429.04
23114,6316040.62
23122,7352146.61
23126,6721587.47
23131,3903481.93
23132,5574023.82
23134,4380023.65
23136,8680940.79
23141,6082548.57
23146,6456092.54
23147,6462210.57
23156,9093530.71
23161,3809506.10
23170,7680117.06
23182,5246311.61
23184,11184204.50
23187,7613905.84
23197,4274596.13
23204,3646604.52
23208,6444080.44
23210,4619471.58
23212,6883081.47
23215,12077226.37
23218,11179130.28
23223,7072064.10
23242,6791139.88
23251,8425757.79
23256,6761132.18
23266,5238788.56
23269,4117149.37
23270,6913349.01
23272,5658669.29
23280,8020792.52
23282,3941460.97
23296,11179594.49
23326,2154577.62
23333,4449517.45
23334,8288342.14
23335,6162146.20
23344,6816457.22
23345,7751567.66
23346,4986561.36
23347,6698643.50
23354,8202699.43
23357,5739897.22
23358,8850892.91
23360,5272108.70
23388,6448704.17
23389,10688246.45
23390,6278210.67
23391,9754772.72
23392,3926448.91
23394,8046671.67
23398,3925969.85
23407,8563886.95
23409,6712823.88
23411,8039009.29
23418,9089803.35
23437,5209092.84
23442,6273776.43
23448,7012013.95
23460,5820966.75
23462,6833012.78
23466,7249942.72
23471,5433832.84
23473,7962343.81
23488,8826094.23
23489,6318206.59
23490,5058460.80
23498,11121703.94
23508,5499813.35
23512,5606737.90
23517,6979284.42
23518,11799299.26
23524,4511803.91
23525,10477851.05
23536,9142753.79
23548,6896613.07
23567,6258847.76
23581,8983673.31
23582,8161195.20
23588,4278518.02
23589,6107289.22
23591,6046669.96
23595,7904061.43
23599,8316112.99
23603,7110926.14
23605,10291815.18
23616,9588776.18
23620,8529968.66
23623,5812102.12
23625,9742493.71
23627,6542737.15
23636,2766064.77
23644,7592617.23
23651,9725991.28
23654,9201261.04
23662,4671389.54
23667,8401941.44
23669,8876454.68
23676,6733270.43
23684,6841784.24
23687,7073868.93
23694,6403627.73
23695,4310253.70
23696,6520084.58
23700,7074952.81
23701,9603831.98
23733,7095467.88
23735,4329968.33
23737,6144397.10
23756,5226835.29
23767,7497484.94
23779,6322265.33
23784,6559504.40
23786,6862929.44
23788,12306021.28
23795,7391628.36
23797,6322440.11
23798,5331810.29
23799,7358100.82
23802,7347189.10
23819,3509670.89
23853,7780643.77
23870,2745505.96
23882,8133184.03
23885,4189739.73
23888,6520511.44
23891,4673382.10
23903,7355721.49
23912,5047090.24
23915,2798515.69
23931,8892054.59
23933,3562879.51
23937,8553441.52
23941,8272918.61
23946,6706371.28
23970,7559639.50
23973,7689966.57
23974,8847508.97
23989,5339529.76
23990,5356475.05
24000,8594728.72
24004,6893000.03
24006,8203416.00
24010,13172184.60
24012,5791636.51
24021,4090438.53
24023,12724794.27
24025,6490537.49
24027,5187392.15
24033,8441982.38
24034,6756124.05
24047,10870541.98
24049,7084226.61
24055,5372257.04
24059,7146591.37
24070,6152291.95
24074,5283402.94
24098,8022850.70
24103,8711812.57
24108,9598414.42
24110,9330539.06
24128,6149381.96
24129,5908061.80
24133,10747695.28
24134,4890568.44
24137,8968540.85
24149,6572361.19
24156,12637869.09
24160,5633587.43
24161,6263264.67
24169,2763589.42
24186,11287100.96
24192,11355454.00
24200,6667439.70
24202,4890864.89
24211,7805892.54
24216,9453830.12
24225,8415264.73
24228,5534542.19
24236,6026673.34
24250,8464275.24
24258,5786760.03
24260,9335208.10
24282,6169387.16
24285,6363931.37
24287,10717418.02
24295,6005623.72
24301,3769267.26
24302,8054638.25
24313,6712990.00
24318,5565415.51
24323,5820657.65
24333,5358097.20
24345,7454692.56
24346,3796102.56
24354,11581062.71
24363,7665175.43
24367,5386799.99
24370,6778713.28
24377,2842013.49
24380,7383247.94
24384,5712610.40
24387,4286921.28
24392,6465217.47
24398,5060355.06
24410,6486026.25
24412,6374866.85
24420,5051203.46
24423,12240132.43
24441,9901487.60
24442,6295436.70
24444,7629090.05
24447,6014268.96
24461,2551780.72
24462,6309046.05
24470,6945866.11
24473,4417058.09
24487,7265119.47
24493,4209549.01
24494,4249290.79
24496,5633591.13
24510,6966320.56
24523,632773.91
24532,6636542.65
24533,5756440.02
24535,9281561.71
24540,1085496.75
24548,7461934.76
24552,4722135.03
24560,5143876.58
24563,8510827.53
24571,8130836.46
24573,11592017.77
24577,9074143.44
24590,3957274.47
24593,4760588.52
24595,9583953.21
24600,6645755.70
24601,8700280.79
24605,4009570.83
24607,5408245.40
24617,3699519.89
24622,7811763.20
24626,8060957.41
24629,7206057.00
24641,10758186.17
24647,13328612.54
24654,6475886.18
24659,5457171.86
24669,6022865.65
24670,3993241.81
24672,6076936.94
24675,13025877.50
24679,7945175.75
24705,6489332.01
24706,8774442.86
24714,3160778.39
24741,6773281.06
24754,9826886.53
24756,4538672.94
24762,7286689.87
24784,10513103.99
24790,8235724.03
24801,5563585.42
24806,10548817.76
24807,5852777.58
24809,7044353.44
24812,11344856.59
24818,4933480.02
24829,9967445.62
24834,8089030.54
24844,5448614.19
24845,3240920.46
24861,11136842.09
24863,6842378.84
24867,8069174.01
24870,7892906.84
24871,3991174.44
24872,6746392.76
24873,6436736.27
24875,8345288.07
24876,8089436.67
24887,5670608.33
24890,4030571.44
24904,6697875.51
24912,7912086.00
24919,7239241.08
24922,6596260.70
24923,5802958.06
24927,10252999.04
24961,6746109.64
24966,9660697.83
24967,10948760.31
24976,6216446.26
24977,9082835.75
24986,9280439.80
25002,6493567.91
25003,8022223.72
25005,9085521.92
25012,11127092.04
25015,6715777.95
25028,6575131.25
25029,12588420.29
25032,6903628.58
25036,4915884.95
25040,2235158.29
25046,8836497.21
25048,9111591.37
25065,6258079.77
25067,3964146.74
25074,3997997.33
25076,4732903.60
25078,7171196.24
25091,6409539.34
25105,5717575.34
25121,9212871.48
25124,4108283.74
25126,5475190.22
25128,10956991.46
25134,11751829.07
25137,6556901.69
25140,5527715.80
25160,8239465.45
25165,4123109.80
25170,5939932.69
25173,10188123.14
25174,7185968.29
25176,11708106.98
25177,10063057.57
25182,5646450.55
25190,11352357.26
25192,10886848.49
25204,3091022.82
25205,6583500.33
25213,6651629.72
25223,10786724.93
25226,11482706.21
25229,8233667.42
25231,5620073.11
25234,4187135.14
25239,1206402.83
25248,11861991.37
25256,5177438.55
25261,8056614.75
25265,6722570.06
25281,6990776.56
25288,3248964.84
25293,6978848.65
25294,5845615.14
25296,7493429.72
25301,5987787.32
25315,5800503.18
25323,7095326.74
25328,4478311.88
25341,7948094.14
25343,8105674.77
25356,5640460.39
25365,5600605.58
25377,6980772.65
25382,8726898.33
25386,6894231.73
25388,8982124.95
25390,5560769.75
25394,3759943.41
25401,8987088.43
25406,6176581.30
25417,8932138.72
25425,5575291.10
25430,5015369.58
25444,6412155.66
25446,11203269.55
25456,5631337.55
25460,6474789.38
25465,5020780.53
25468,6855332.19
25477,6928842.07
25478,6127025.85
25479,6154565.02
25486,6684159.36
25493,13430967.52
25499,5418024.57
25505,9112849.54
25507,9922603.42
25508,6800434.87
25511,8239800.36
25512,3521439.24
25517,10502608.62
25519,11109010.71
25521,6439116.21
25522,8361996.38
25523,3949548.43
25526,6791736.78
25534,4614737.20
25537,7206446.50
25539,9644682.55
25543,5183593.31
25551,6858214.34
25554,8328837.50
25556,8564538.40
25563,7289870.40
25575,7263598.05
25583,7218666.25
25586,10288634.92
25592,9163601.15
25600,7155246.29
25604,11880767.27
25610,4057465.20
25611,8479166.72
25630,4171715.59
25632,4842209.66
25635,5740810.72
25659,7444861.72
25671,2503259.07
25680,9395088.13
25687,7019770.10
25698,1981512.24
25721,7570382.74
25723,6622855.74
25727,7954165.95
25735,8108653.60
25738,7149221.74
25745,7113928.10
25747,7761896.19
25748,12279520.79
25751,9602855.02
25753,7025518.02
25755,7529364.62
25777,5550403.93
25783,9306860.72
25785,6081440.49
25788,8120026.93
25792,9176507.74
25796,5485422.75
25816,5456670.48
25817,9029723.11
25824,5964252.30
25826,11957852.49
25828,5306970.42
25830,5713686.36
25838,6630108.79
25843,11458093.53
25851,4438026.96
25854,8011640.97
25858,6017130.07
25863,5439081.79
25866,9464349.28
25872,4238445.04
25904,5800187.50
25917,6965140.91
25918,11739404.67
25920,7845300.64
25925,4754794.83
25928,5588922.31
25932,5382176.28
25937,7584698.40
25946,4230161.05
25962,2801191.47
25974,9105234.48
25975,9281364.31
25977,10502551.77
25984,7506036.72
25986,6131001.79
25988,7004776.88
26007,9027641.11
26008,5777824.52
26009,5956687.12
26011,4256961.99
26014,5476614.98
26019,4472260.02
26023,5427932.53
26035,8525490.40
26039,7047208.05
26046,7796267.53
26055,7327272.92
26057,2762631.73
26066,6039671.39
26072,4345314.39
26085,3792060.58
26087,5454190.34
26088,6960621.92
26092,6488185.76
26094,5962436.19
26097,11228875.71
26104,4594290.91
26110,5625557.71
26117,1919122.84
26121,6710607.35
26126,6369027.28
26135,6988099.38
26138,6870250.94
26146,6561663.26
26147,9496413.13
26151,7057826.66
26155,11160768.02
26159,4298065.57
26163,7249002.21
26168,6638558.44
26173,8901507.52
26187,9531023.40
26193,6521631.27
26194,6454637.08
26196,11453964.28
26200,5409722.61
26202,6708743.19
26204,6208415.82
26212,8255553.23
26218,6653190.70
26229,7258878.40
26238,6773045.17
26251,9715621.92
26268,9665935.65
26274,8849074.11
26275,10602930.26
26286,13228210.24
26295,6907948.01
26299,8119107.19
26300,8657105.62
26301,6869706.35
26306,3958031.25
26309,5804397.83
26315,3752662.99
26317,6176262.42
26321,6187102.18
26324,8246519.55
26328,2657644.96
26329,8201393.49
26332,4084510.09
26341,5196425.98
26354,8025017.41
26386,6534569.34
26392,7420218.00
26395,7180683.67
26397,8276656.43
26398,6505791.84
26404,4290767.95
26410,5249259.27
26414,5471304.22
26419,4968078.47
26421,5688986.05
26433,5137617.03
26439,8899663.91
26443,8003151.96
26446,3209094.73
26450,6435756.86
26458,6809169.03
26461,7249962.83
26472,9584968.79
26474,8576751.50
26477,9178474.88
26494,6140665.28
26500,6486418.33
26521,7649179.81
26525,10531780.03
26538,8570044.87
26542,6072300.78
26545,7205343.61
26553,7079194.34
26556,6328306.83
26568,12993489.47
26573,5994386.32
26575,8931977.14
26576,6024733.92
26588,8806693.01
26595,2050246.01
26600,9010296.68
26602,12136949.12
26611,2743642.62
26622,10858026.43
26623,6297154.13
26626,7362230.85
26628,8379011.38
26637,5254710.44
26642,8944584.01
26646,5508330.25
26653,8163570.01
26655,8726716.76
26661,11805793.05
26677,4143425.02
26679,6964123.63
26681,5067446.45
26688,8234037.24
26689,6725758.12
26692,6120697.41
26693,9010975.19
26694,5959413.06
26698,6743840.21
26701,7422440.55
26714,5518284.55
26718,5787685.35
26723,6813969.34
26726,4975709.49
26732,11404740.54
26751,10995727.63
26759,9253464.07
26766,11428531.42
26767,6422395.75
26769,7181343.04
26771,3793633.29
26774,5974654.88
26776,5463881.35
26780,9331785.80
26790,8545469.59
26794,10386819.44
26799,6564555.37
26803,6810343.26
26820,2792471.03
26825,8120494.70
26832,5717743.28
26841,7212705.70
26849,10878930.11
26855,7972579.28
26859,5591610.94
26874,7407628.76
26895,9474873.98
26899,8478506.81
26901,5777197.67
26905,5076945.66
26911,5682526.98
26913,6483767.95
26914,9193713.94
26919,7145777.16
26920,13063208.24
26921,4527918.13
26926,7957783.25
26930,7063737.52
26940,11306018.18
26949,6645399.64
26960,4333341.54
26961,6945049.99
26972,9131253.67
26975,7106476.11
26976,6783749.88
26980,4931629.22
26983,7978987.79
26987,10024689.13
26998,7777535.61
27000,10577909.37
27008,6746806.36
27012,6364087.29
27019,5830538.77
27028,8556777.61
27029,6691697.25
27030,2056496.09
27032,5424902.13
27039,6553691.14
27043,6190834.00
27052,9696319.57
27056,4764478.38
27058,7693041.46
27066,5266033.00
27068,9217135.91
27069,5570444.92
27077,9832990.26
27078,9701975.10
27086,6972169.55
27106,7414958.10
27107,6216568.71
27109,12564557.66
27112,5618847.67
27121,11730605.41
27125,8862884.15
27127,5655902.24
27132,6626831.56
27133,6922477.94
27138,3918768.26
27150,9630760.09
27152,5943881.32
27159,5513435.41
27168,8882976.07
27169,5336415.23
27172,7014897.80
27174,9361186.78
27176,3768163.07
27177,11575509.19
27180,5716026.45
27184,8327885.09
27188,10792547.34
27191,8965246.92
27204,8459108.27
27205,8275166.95
27220,10438020.85
27221,6247422.91
27232,10637383.66
27237,9883730.72
27246,6890045.31
27250,8819696.94
27254,5945685.93
27255,7372074.68
27257,7534621.39
27258,7838191.95
27264,5944319.42
27265,6918305.21
27267,7480305.01
27277,10087572.01
27279,5888151.03
27281,6976813.34
27290,12097815.15
27297,5534465.92
27306,7044755.72
27308,9084461.29
27316,8086441.31
27317,7484862.03
27325,6643303.10
27326,6384623.11
27334,6227727.74
27336,11503572.10
27346,6907001.27
27350,2782549.67
27356,9966056.69
27361,7668358.36
27363,5404252.82
27367,5766131.26
27387,10878453.97
27391,7029157.91
27395,6407737.93
27396,5823499.72
27397,7384271.02
27408,3823136.98
27417,4051247.06
27427,12503586.63
27439,5286231.59
27447,6613819.75
27449,10618017.41
27452,9258610.69
27458,9352485.15
27468,8885379.32
27480,10010934.17
27485,10893677.54
27493,2738836.89
27497,7985575.18
27505,14090950.71
27506,7074188.17
27508,6203658.10
27510,9051733.26
27512,6129443.62
27513,10975871.60
27514,6014004.01
27517,4589562.58
27522,7649035.36
27527,5087129.42
27535,6053368.44
27536,10382999.54
27545,6143999.20
27549,11474782.80
27550,5141842.71
27568,5587957.72
27569,7260778.07
27578,9057853.56
27583,10282090.99
27591,6832795.07
27594,9738623.72
27600,9105174.27
27604,11015568.79
27617,8554035.04
27619,7598862.27
27626,6249062.40
27631,6883573.66
27655,6310694.84
27677,5194254.18
27679,10510541.93
27683,7248824.35
27685,7459437.86
27691,7031972.53
27694,7570381.71
27704,13256989.76
27712,11472626.49
27736,5628083.02
27750,9129266.74
27765,9083435.22
27780,7287826.44
27786,8642689.19
27794,8885225.41
27796,12613203.65
27800,7320073.56
27807,5412958.94
27811,11394221.26
27826,9465990.19
27830,5528180.29
27832,6631539.67
27837,8769168.47
27841,5756898.74
27842,8115233.72
27844,7014169.60
27852,8328590.95
27858,6368590.30
27859,6559481.05
27862,8599469.60
27865,5838850.18
27866,6330567.78
27872,7705258.62
27877,6755947.83
27888,7104200.83
27894,12692306.86
27899,4953032.54
27905,9234802.29
27916,3955392.34
27925,8925889.09
27929,7696903.88
27934,9526242.66
27956,7162933.44
27959,7434500.16
27962,13088233.44
27963,8603425.96
27965,8512258.50
27966,4626576.03
27971,10695837.31
27974,8511089.70
27978,2076929.99
27980,6528916.94
27982,11051010.90
27987,7132974.11
28003,4000619.93
28004,9542857.31
28011,6637926.98
28015,6073314.47
28017,9665428.54
28028,9214433.24
28052,7868420.95
28054,9374907.27
28055,6170619.28
28057,11557531.80
28061,10662444.32
28064,7765553.18
28065,5877168.01
28078,10554835.92
28081,8363212.98
28086,6296354.17
28090,6689115.68
28098,12786184.96
28102,10079832.75
28119,11143378.38
28120,9479706.79
28126,9577588.11
28128,7473451.34
28130,10236210.09
28137,11366727.88
28142,7156553.23
28143,11577033.67
28151,6756720.95
28152,6212225.20
28155,7815941.79
28161,5958559.90
28162,3505794.82
28168,3707885.90
28182,7140356.39
28191,9245582.99
28239,11055914.17
28257,9537932.27
28259,10553111.08
28261,2477927.65
28269,10878398.61
28284,6757859.86
28285,8886828.42
28293,12715732.53
28297,4876148.33
28298,7268794.54
28312,9518320.28
28319,9319330.96
28321,7069890.31
28326,6905376.47
28340,7497732.90
28356,7114821.98
28361,5744763.33
28362,6391824.61
28366,10275464.78
28376,5459810.30
28394,12187314.61
28396,9072314.49
28397,4450626.51
28402,5844900.04
28409,7409840.77
28410,12486805.49
28421,8582000.20
28425,5427127.23
28426,11099184.41
28427,9392629.58
28428,5842539.74
28430,11196027.61
28437,13760510.02
28449,5712275.77
28452,6400048.08
28457,1294663.92
28459,4005115.80
28462,7122978.88
28469,6673055.75
28472,9266676.80
28487,10345686.07
28503,4689496.19
28519,5732667.30
28521,2265417.38
28528,9263897.82
28537,6422217.33
28538,6594505.61
28543,9995054.06
28562,9449590.22
28567,9621359.25
28579,11871848.11
28585,9360391.64
28595,4430199.10
28601,9102505.96
28605,11443556.07
28618,8330299.68
28620,12724551.74
28622,6327312.68
28647,6549130.72
28656,11995837.84
28657,8492498.70
28661,7107463.86
28675,6157824.90
28678,9571973.98
28696,3886029.20
28702,5614884.46
28705,6131537.87
28709,4938991.75
28713,6100318.87
28718,11424946.52
28724,3978062.42
28726,8497657.38
28729,4393559.35
28741,9471550.07
28743,5926436.63
28747,11468768.78
28753,6798179.19
28756,5070101.08
28760,7039070.89
28771,7164255.53
28773,4615873.98
28777,8361191.02
28794,4272285.40
28800,8495386.68
28814,7636784.22
28821,7361162.04
28826,10185731.81
28838,10029954.53
28850,12205400.76
28854,10570132.69
28859,9106359.77
28870,6547341.48
28894,7320935.59
28904,7007935.39
28907,6924747.22
28910,6067993.78
28912,6962806.72
28915,6012671.45
28923,8326132.50
28925,4332325.53
28928,7396209.68
28929,2235958.23
28930,7240479.74
28938,9425521.90
28938,7877514.68
28939,7877514.68
28947,5512362.24
28958,8430729.56
28963,8670988.88
28968,7147306.02
28969,4427712.92
28974,5062773.39
28980,9502919.25
28981,6883807.71
28986,8165189.22
28987,6755132.80
28991,5980340.26
28992,13590616.08
28997,3899030.24
29001,12228095.72
29003,7022793.33
29014,3811354.70
29016,9482190.25
29021,6483359.77
29032,7235050.69
29033,8857747.49
29034,9327140.31
29036,7662196.70
29047,6036257.74
29058,4895821.86
29060,6870015.52
29068,4049753.76
29072,9113262.64
29073,9476225.42
29078,9827914.93
29086,5079629.32
29092,7342156.96
29104,6480251.03
29114,4548769.33
29125,12587957.57
29128,6224839.53
29131,7215786.56
29132,9536747.38
29137,3548492.91
29139,3023484.77
29144,3630201.60
29159,5986766.69
29162,7888299.53
29170,9148100.45
29175,9251112.50
29178,8651290.74
29181,3747646.65
29183,7373238.54
29184,3719149.66
29188,12343266.94
29194,6652899.51
29210,8834501.84
29218,8446462.30
29222,7181184.60
29226,9608675.92
29230,9564348.72
29248,7419188.69
29257,9033917.04
29262,7913020.55
29266,7790136.62
29273,7736874.04
29281,13030964.02
29290,7234267.80
29301,6074723.45
29306,3207748.80
29307,8301896.61
29308,7217630.69
29311,8338224.38
29329,9181335.29
29337,4933656.46
29342,8370941.73
29343,9521719.66
29344,5745863.01
29361,5300745.55
29363,7357977.67
29365,11324521.59
29374,5475077.73
29376,6517910.78
29392,4006528.65
29393,6134186.27
29404,2571086.54
29406,9973160.31
29409,6931538.92
29417,8846152.70
29421,6838709.61
29432,9292678.32
29453,6852913.08
29462,8594753.89
29463,9219512.31
29465,4414497.93
29475,10223420.50
29476,8790166.26
29484,8226703.87
29495,7518883.27
29507,7315918.71
29528,6748145.40
29537,11836184.41
29547,7441663.06
29552,8911046.44
29563,12138930.50
29569,8330352.69
29572,6445898.14
29582,6747689.68
29596,6939219.34
29599,6704471.91
29601,9649602.06
29618,9565028.69
29626,8821698.97
29629,3764291.14
29653,7256246.83
29660,9196587.72
29661,4778521.84
29673,9093768.15
29675,6334049.54
29676,4375115.80
29677,6243356.20
29682,7021917.40
29684,3161733.55
29686,3861958.09
29689,12842473.16
29690,5061076.88
29698,10549384.88
29699,8683939.56
29701,9237989.53
29704,6163197.14
29707,7360107.65
29711,6970545.30
29712,12638773.73
29714,7503817.43
29724,6387914.56
29739,7593359.69
29741,8249877.62
29742,8957447.35
29746,8553944.72
29751,8466465.12
29752,8466632.10
29756,4417483.23
29765,6017339.83
29780,6756662.95
29783,12772656.76
29784,5612853.51
29791,6292207.28
29803,4131243.86
29811,5584664.18
29812,6053499.96
29815,7752367.37
29830,7441024.86
29860,9101963.58
29861,1945992.05
29870,7218931.81
29878,6234781.28
29883,7458395.45
29884,10208697.64
29885,9074463.07
29888,6510719.25
29894,7964695.02
29912,2544132.31
29925,13500979.91
29928,4300694.54
29942,11027353.09
29949,6435024.36
29952,6435024.36
29955,7538671.04
29959,1441357.05
29973,3587824.42
29983,13531211.14
29984,960498.78
29986,8008562.51
29988,6612915.14
30001,7462694.06
30007,8935443.60
30013,6953649.61
30018,9463777.91
30034,12161185.00
30044,9902528.87
30045,6631395.61
30052,12023530.32
30055,8770088.65
30056,4470536.94
30069,5675857.68
30073,8816005.48
30077,6641780.65
30081,11134103.56
30084,8517330.56
30086,4098965.88
30102,4582181.01
30117,8714852.37
30118,5895386.62
30147,8254766.76
30150,9817297.21
30164,11748909.64
30168,9290700.53
30170,6215366.07
30171,2650210.89
30173,6017311.28
30174,7167408.57
30179,8900737.15
30187,8472234.78
30192,7254990.89
30203,10007181.26
30205,9306860.52
30211,5667484.50
30214,6862930.05
30215,7777043.01
30216,12049795.72
30219,11841481.95
30225,7391360.98
30240,6072746.86
30242,11269474.97
30260,7610147.31
30269,5608984.07
30273,11917483.65
30278,3091094.73
30286,7749868.17
30287,6682523.02
30288,6795895.58
30290,8251450.49
30295,9028568.30
30298,7506007.70
30300,7364401.25
30313,8200511.38
30314,10455083.83
30317,9995242.96
30318,8721402.25
30320,8125622.36
30324,6898833.30
30325,6833582.08
30327,4883223.38
30338,6839841.16
30339,8035939.07
30350,8335795.93
30362,11895723.99
30364,10709078.08
30370,5879569.58
30371,9345144.59
30378,5754986.37
30385,8661873.69
30392,5911678.49
30395,6607590.09
30400,13164211.88
30407,6888854.62
30413,6416623.99
30425,9431688.48
30428,8601784.61
30429,8737435.33
30439,6312643.17
30443,14109517.90
30449,8753441.61
30450,8675891.09
30453,8954225.67
30457,6474044.37
30459,8547181.01
30460,7918102.71
30462,6883762.53
30469,7121328.78